,effort,latitude,longitude
0,3.318709620418765e-07,9365000.0,514000.0
1,3.318709620418765e-07,9365000.0,514500.0
2,3.318709620418765e-07,9365000.0,515000.0
3,3.318709620418765e-07,9365000.0,515500.0
4,3.318709620418765e-07,9365000.0,516000.0
5,0.0,9365000.0,516500.0
6,0.0,9365000.0,517000.0
7,0.0,9365000.0,517500.0
8,0.0,9365000.0,518000.0
9,0.0,9365000.0,518500.0
10,0.0,9365000.0,519000.0
11,0.0,9365000.0,519500.0
12,0.0,9365000.0,520000.0
13,0.0,9365000.0,520500.0
14,0.0,9365000.0,521000.0
15,5.836262717191299e-07,9365000.0,521500.0
16,5.836262717191299e-07,9365000.0,522000.0
17,5.836262717191299e-07,9365000.0,522500.0
18,5.836262717191299e-07,9365000.0,523000.0
19,2.9181313585956497e-07,9365000.0,523500.0
20,0.0,9365000.0,524000.0
21,0.0,9365000.0,524500.0
22,0.0,9365000.0,525000.0
23,0.0,9365000.0,525500.0
24,2.1766785530421322e-07,9365000.0,526000.0
25,1.6325089147815993e-07,9365000.0,526500.0
26,0.0,9365000.0,527000.0
27,0.0,9365000.0,527500.0
28,0.0,9365000.0,528000.0
29,0.0,9365000.0,528500.0
30,0.0,9365000.0,529000.0
31,0.0,9365000.0,529500.0
32,1.6325089147815993e-07,9365000.0,530000.0
33,2.1766785530421322e-07,9365000.0,530500.0
34,2.1766785530421322e-07,9365000.0,531000.0
35,0.0,9365000.0,531500.0
36,3.318709620418765e-07,9364500.0,514000.0
37,3.318709620418765e-07,9364500.0,514500.0
38,3.318709620418765e-07,9364500.0,515000.0
39,3.318709620418765e-07,9364500.0,515500.0
40,3.318709620418765e-07,9364500.0,516000.0
41,3.318709620418765e-07,9364500.0,516500.0
42,0.0,9364500.0,517000.0
43,0.0,9364500.0,517500.0
44,0.0,9364500.0,518000.0
45,0.0,9364500.0,518500.0
46,0.0,9364500.0,519000.0
47,0.0,9364500.0,519500.0
48,0.0,9364500.0,520000.0
49,4.052605046907388e-07,9364500.0,520500.0
50,1.6210420187629552e-06,9364500.0,521000.0
51,2.4351242190343265e-06,9364500.0,521500.0
52,4.286622166349523e-06,9364500.0,522000.0
53,4.286622166349523e-06,9364500.0,522500.0
54,5.836262717191299e-07,9364500.0,523000.0
55,2.486783210923337e-07,9364500.0,523500.0
56,0.0,9364500.0,524000.0
57,0.0,9364500.0,524500.0
58,0.0,9364500.0,525000.0
59,0.0,9364500.0,525500.0
60,2.1766785530421322e-07,9364500.0,526000.0
61,2.1766785530421322e-07,9364500.0,526500.0
62,0.0,9364500.0,527000.0
63,0.0,9364500.0,527500.0
64,0.0,9364500.0,528000.0
65,0.0,9364500.0,528500.0
66,0.0,9364500.0,529000.0
67,1.6325089147815993e-07,9364500.0,529500.0
68,2.1766785530421322e-07,9364500.0,530000.0
69,5.4416963826053306e-08,9364500.0,530500.0
70,0.0,9364500.0,531000.0
71,0.0,9364500.0,531500.0
72,3.318709620418765e-07,9364000.0,514000.0
73,3.318709620418765e-07,9364000.0,514500.0
74,3.318709620418765e-07,9364000.0,515000.0
75,3.318709620418765e-07,9364000.0,515500.0
76,3.318709620418765e-07,9364000.0,516000.0
77,3.318709620418765e-07,9364000.0,516500.0
78,3.318709620418765e-07,9364000.0,517000.0
79,0.0,9364000.0,517500.0
80,0.0,9364000.0,518000.0
81,0.0,9364000.0,518500.0
82,0.0,9364000.0,519000.0
83,0.0,9364000.0,519500.0
84,8.427640324337158e-07,9364000.0,520000.0
85,1.3723636976706215e-06,9364000.0,520500.0
86,1.3723636976706215e-06,9364000.0,521000.0
87,2.186445897941993e-06,9364000.0,521500.0
88,4.286622166349523e-06,9364000.0,522000.0
89,4.037943845257189e-06,9364000.0,522500.0
90,3.3494795062679617e-07,9364000.0,523000.0
91,0.0,9364000.0,523500.0
92,0.0,9364000.0,524000.0
93,0.0,9364000.0,524500.0
94,0.0,9364000.0,525000.0
95,0.0,9364000.0,525500.0
96,5.4416963826053306e-08,9364000.0,526000.0
97,2.1766785530421322e-07,9364000.0,526500.0
98,0.0,9364000.0,527000.0
99,0.0,9364000.0,527500.0
100,0.0,9364000.0,528000.0
101,0.0,9364000.0,528500.0
102,5.4416963826053306e-08,9364000.0,529000.0
103,2.1766785530421322e-07,9364000.0,529500.0
104,5.4416963826053306e-08,9364000.0,530000.0
105,0.0,9364000.0,530500.0
106,0.0,9364000.0,531000.0
107,0.0,9364000.0,531500.0
108,3.318709620418765e-07,9363500.0,514000.0
109,3.318709620418765e-07,9363500.0,514500.0
110,3.318709620418765e-07,9363500.0,515000.0
111,3.318709620418765e-07,9363500.0,515500.0
112,3.318709620418765e-07,9363500.0,516000.0
113,3.318709620418765e-07,9363500.0,516500.0
114,3.318709620418765e-07,9363500.0,517000.0
115,3.318709620418765e-07,9363500.0,517500.0
116,0.0,9363500.0,518000.0
117,0.0,9363500.0,518500.0
118,0.0,9363500.0,519000.0
119,6.049775030563751e-07,9363500.0,519500.0
120,1.1236853765782876e-06,9363500.0,520000.0
121,1.1236853765782876e-06,9363500.0,520500.0
122,8.626962953446249e-08,9363500.0,521000.0
123,1.937767576849659e-06,9363500.0,521500.0
124,3.7892655241648557e-06,9363500.0,522000.0
125,3.7892655241648557e-06,9363500.0,522500.0
126,8.321822232574786e-08,9363500.0,523000.0
127,0.0,9363500.0,523500.0
128,0.0,9363500.0,524000.0
129,0.0,9363500.0,524500.0
130,0.0,9363500.0,525000.0
131,0.0,9363500.0,525500.0
132,0.0,9363500.0,526000.0
133,2.1766785530421322e-07,9363500.0,526500.0
134,1.0883392765210661e-07,9363500.0,527000.0
135,0.0,9363500.0,527500.0
136,0.0,9363500.0,528000.0
137,0.0,9363500.0,528500.0
138,2.1766785530421322e-07,9363500.0,529000.0
139,2.1766785530421322e-07,9363500.0,529500.0
140,0.0,9363500.0,530000.0
141,0.0,9363500.0,530500.0
142,0.0,9363500.0,531000.0
143,0.0,9363500.0,531500.0
144,0.0,9363500.0,532000.0
145,3.318709620418765e-07,9363000.0,514000.0
146,3.318709620418765e-07,9363000.0,514500.0
147,3.318709620418765e-07,9363000.0,515000.0
148,3.318709620418765e-07,9363000.0,515500.0
149,3.318709620418765e-07,9363000.0,516000.0
150,3.318709620418765e-07,9363000.0,516500.0
151,3.318709620418765e-07,9363000.0,517000.0
152,3.318709620418765e-07,9363000.0,517500.0
153,3.318709620418765e-07,9363000.0,518000.0
154,0.0,9363000.0,518500.0
155,1.2205628834858507e-08,9363000.0,519000.0
156,8.626962953446249e-08,9363000.0,519500.0
157,8.626962953446249e-08,9363000.0,520000.0
158,8.626962953446249e-08,9363000.0,520500.0
159,8.626962953446249e-08,9363000.0,521000.0
160,8.626962953446249e-08,9363000.0,521500.0
161,8.626962953446249e-08,9363000.0,522000.0
162,8.626962953446249e-08,9363000.0,522500.0
163,1.8516000174900996e-08,9363000.0,523000.0
164,0.0,9363000.0,523500.0
165,0.0,9363000.0,524000.0
166,0.0,9363000.0,524500.0
167,0.0,9363000.0,525000.0
168,0.0,9363000.0,525500.0
169,0.0,9363000.0,526000.0
170,0.0,9363000.0,526500.0
171,2.1766785530421322e-07,9363000.0,527000.0
172,2.0223539232308293e-07,9363000.0,527500.0
173,0.0,9363000.0,528000.0
174,2.1766785530421322e-07,9363000.0,528500.0
175,2.1766785530421322e-07,9363000.0,529000.0
176,1.6325089147815993e-07,9363000.0,529500.0
177,0.0,9363000.0,530000.0
178,0.0,9363000.0,530500.0
179,0.0,9363000.0,531000.0
180,0.0,9363000.0,531500.0
181,0.0,9363000.0,532000.0
182,3.318709620418765e-07,9362500.0,514000.0
183,3.318709620418765e-07,9362500.0,514500.0
184,3.318709620418765e-07,9362500.0,515000.0
185,3.318709620418765e-07,9362500.0,515500.0
186,3.318709620418765e-07,9362500.0,516000.0
187,3.318709620418765e-07,9362500.0,516500.0
188,3.318709620418765e-07,9362500.0,517000.0
189,3.318709620418765e-07,9362500.0,517500.0
190,3.318709620418765e-07,9362500.0,518000.0
191,1.7203829543836748e-07,9362500.0,518500.0
192,8.626962953446249e-08,9362500.0,519000.0
193,8.626962953446249e-08,9362500.0,519500.0
194,8.626962953446249e-08,9362500.0,520000.0
195,8.626962953446249e-08,9362500.0,520500.0
196,8.626962953446249e-08,9362500.0,521000.0
197,8.626962953446249e-08,9362500.0,521500.0
198,8.626962953446249e-08,9362500.0,522000.0
199,8.626962953446249e-08,9362500.0,522500.0
200,0.0,9362500.0,523000.0
201,0.0,9362500.0,523500.0
202,0.0,9362500.0,524000.0
203,0.0,9362500.0,525000.0
204,0.0,9362500.0,525500.0
205,0.0,9362500.0,526000.0
206,0.0,9362500.0,526500.0
207,1.6325089147815993e-07,9362500.0,527000.0
208,4.0447078464616587e-07,9362500.0,527500.0
209,4.0447078464616587e-07,9362500.0,528000.0
210,2.1766785530421322e-07,9362500.0,528500.0
211,2.1766785530421322e-07,9362500.0,529000.0
212,2.1766785530421322e-07,9362500.0,529500.0
213,0.0,9362500.0,530000.0
214,0.0,9362500.0,530500.0
215,0.0,9362500.0,531000.0
216,0.0,9362500.0,531500.0
217,0.0,9362500.0,532000.0
218,3.318709620418765e-07,9362000.0,514000.0
219,3.318709620418765e-07,9362000.0,514500.0
220,3.318709620418765e-07,9362000.0,515000.0
221,3.318709620418765e-07,9362000.0,515500.0
222,3.318709620418765e-07,9362000.0,516000.0
223,3.318709620418765e-07,9362000.0,516500.0
224,3.318709620418765e-07,9362000.0,517000.0
225,3.318709620418765e-07,9362000.0,517500.0
226,3.318709620418765e-07,9362000.0,518000.0
227,1.2205628834858507e-08,9362000.0,518500.0
228,8.626962953446249e-08,9362000.0,519000.0
229,8.626962953446249e-08,9362000.0,519500.0
230,8.626962953446249e-08,9362000.0,520000.0
231,8.626962953446249e-08,9362000.0,520500.0
232,8.626962953446249e-08,9362000.0,521000.0
233,8.626962953446249e-08,9362000.0,521500.0
234,8.626962953446249e-08,9362000.0,522000.0
235,8.626962953446249e-08,9362000.0,522500.0
236,0.0,9362000.0,523000.0
237,0.0,9362000.0,523500.0
238,0.0,9362000.0,524000.0
239,0.0,9362000.0,525000.0
240,0.0,9362000.0,525500.0
241,0.0,9362000.0,526000.0
242,0.0,9362000.0,526500.0
243,0.0,9362000.0,527000.0
244,4.0447078464616587e-07,9362000.0,527500.0
245,4.0447078464616587e-07,9362000.0,528000.0
246,3.577700523106777e-07,9362000.0,528500.0
247,2.1766785530421322e-07,9362000.0,529000.0
248,1.0883392765210661e-07,9362000.0,529500.0
249,0.0,9362000.0,530000.0
250,0.0,9362000.0,530500.0
251,0.0,9362000.0,531000.0
252,0.0,9362000.0,532000.0
253,1.2205628834858507e-08,9361500.0,514000.0
254,3.318709620418765e-07,9361500.0,514500.0
255,3.318709620418765e-07,9361500.0,515000.0
256,3.318709620418765e-07,9361500.0,515500.0
257,3.318709620418765e-07,9361500.0,516000.0
258,3.318709620418765e-07,9361500.0,516500.0
259,3.318709620418765e-07,9361500.0,517000.0
260,3.318709620418765e-07,9361500.0,517500.0
261,3.318709620418765e-07,9361500.0,518000.0
262,1.2205628834858507e-08,9361500.0,518500.0
263,8.626962953446249e-08,9361500.0,519000.0
264,8.626962953446249e-08,9361500.0,519500.0
265,8.626962953446249e-08,9361500.0,520000.0
266,8.626962953446249e-08,9361500.0,520500.0
267,8.626962953446249e-08,9361500.0,521000.0
268,8.626962953446249e-08,9361500.0,521500.0
269,8.626962953446249e-08,9361500.0,522000.0
270,8.626962953446249e-08,9361500.0,522500.0
271,0.0,9361500.0,523000.0
272,0.0,9361500.0,523500.0
273,0.0,9361500.0,524000.0
274,0.0,9361500.0,525000.0
275,0.0,9361500.0,525500.0
276,0.0,9361500.0,526000.0
277,0.0,9361500.0,526500.0
278,0.0,9361500.0,527000.0
279,4.0447078464616587e-07,9361500.0,527500.0
280,4.0447078464616587e-07,9361500.0,528000.0
281,4.0447078464616587e-07,9361500.0,528500.0
282,2.1766785530421322e-07,9361500.0,529000.0
283,0.0,9361500.0,529500.0
284,0.0,9361500.0,530000.0
285,0.0,9361500.0,530500.0
286,0.0,9361500.0,531000.0
287,0.0,9361500.0,531500.0
288,0.0,9361500.0,532000.0
289,1.2205628834858507e-08,9361000.0,514000.0
290,1.2205628834858507e-08,9361000.0,514500.0
291,1.2205628834858507e-08,9361000.0,515000.0
292,3.318709620418765e-07,9361000.0,515500.0
293,3.318709620418765e-07,9361000.0,516000.0
294,3.318709620418765e-07,9361000.0,516500.0
295,3.318709620418765e-07,9361000.0,517000.0
296,3.318709620418765e-07,9361000.0,517500.0
297,1.7203829543836748e-07,9361000.0,518000.0
298,4.92376291846605e-08,9361000.0,518500.0
299,8.626962953446249e-08,9361000.0,519000.0
300,8.626962953446249e-08,9361000.0,519500.0
301,8.626962953446249e-08,9361000.0,520000.0
302,8.626962953446249e-08,9361000.0,520500.0
303,8.626962953446249e-08,9361000.0,521000.0
304,8.626962953446249e-08,9361000.0,521500.0
305,8.626962953446249e-08,9361000.0,522000.0
306,8.626962953446249e-08,9361000.0,522500.0
307,0.0,9361000.0,523000.0
308,0.0,9361000.0,523500.0
309,0.0,9361000.0,525000.0
310,0.0,9361000.0,525500.0
311,0.0,9361000.0,526000.0
312,0.0,9361000.0,526500.0
313,0.0,9361000.0,527000.0
314,1.5553465998759476e-07,9361000.0,527500.0
315,4.0447078464616587e-07,9361000.0,528000.0
316,4.0447078464616587e-07,9361000.0,528500.0
317,2.1766785530421322e-07,9361000.0,529000.0
318,0.0,9361000.0,529500.0
319,0.0,9361000.0,530000.0
320,0.0,9361000.0,530500.0
321,0.0,9361000.0,531000.0
322,0.0,9361000.0,531500.0
323,0.0,9361000.0,532000.0
324,1.2205628834858507e-08,9360500.0,514000.0
325,1.2205628834858507e-08,9360500.0,514500.0
326,1.2205628834858507e-08,9360500.0,515000.0
327,1.2205628834858507e-08,9360500.0,515500.0
328,1.2205628834858507e-08,9360500.0,516000.0
329,1.720382954383675e-07,9360500.0,516500.0
330,3.318709620418765e-07,9360500.0,517000.0
331,3.318709620418765e-07,9360500.0,517500.0
332,1.2205628834858507e-08,9360500.0,518000.0
333,8.626962953446249e-08,9360500.0,518500.0
334,8.626962953446249e-08,9360500.0,519000.0
335,8.626962953446249e-08,9360500.0,519500.0
336,8.626962953446249e-08,9360500.0,520000.0
337,8.626962953446249e-08,9360500.0,520500.0
338,8.626962953446249e-08,9360500.0,521000.0
339,8.626962953446249e-08,9360500.0,521500.0
340,8.626962953446249e-08,9360500.0,522000.0
341,8.321822232574786e-08,9360500.0,522500.0
342,0.0,9360500.0,523000.0
343,0.0,9360500.0,523500.0
344,0.0,9360500.0,525000.0
345,0.0,9360500.0,525500.0
346,0.0,9360500.0,526000.0
347,0.0,9360500.0,526500.0
348,0.0,9360500.0,527000.0
349,0.0,9360500.0,527500.0
350,4.0447078464616587e-07,9360500.0,528000.0
351,4.0447078464616587e-07,9360500.0,528500.0
352,3.110693199751895e-07,9360500.0,529000.0
353,1.6325089147815993e-07,9360500.0,529500.0
354,0.0,9360500.0,530000.0
355,0.0,9360500.0,530500.0
356,0.0,9360500.0,531000.0
357,0.0,9360500.0,531500.0
358,0.0,9360500.0,532000.0
359,1.2205628834858507e-08,9360000.0,514000.0
360,1.2205628834858507e-08,9360000.0,514500.0
361,1.2205628834858507e-08,9360000.0,515000.0
362,1.2205628834858507e-08,9360000.0,515500.0
363,1.2205628834858507e-08,9360000.0,516000.0
364,1.2205628834858507e-08,9360000.0,516500.0
365,1.2205628834858507e-08,9360000.0,517000.0
366,1.2205628834858507e-08,9360000.0,517500.0
367,1.2205628834858507e-08,9360000.0,518000.0
368,8.626962953446249e-08,9360000.0,518500.0
369,8.626962953446249e-08,9360000.0,519000.0
370,8.626962953446249e-08,9360000.0,519500.0
371,8.626962953446249e-08,9360000.0,520000.0
372,8.626962953446249e-08,9360000.0,520500.0
373,8.626962953446249e-08,9360000.0,521000.0
374,8.626962953446249e-08,9360000.0,521500.0
375,8.626962953446249e-08,9360000.0,522000.0
376,8.016681511703323e-08,9360000.0,522500.0
377,0.0,9360000.0,523000.0
378,0.0,9360000.0,523500.0
379,0.0,9360000.0,525000.0
380,0.0,9360000.0,525500.0
381,0.0,9360000.0,526000.0
382,0.0,9360000.0,526500.0
383,0.0,9360000.0,527000.0
384,0.0,9360000.0,527500.0
385,3.110693199751895e-07,9360000.0,528000.0
386,4.0447078464616587e-07,9360000.0,528500.0
387,4.0447078464616587e-07,9360000.0,529000.0
388,2.1766785530421322e-07,9360000.0,529500.0
389,2.1766785530421322e-07,9360000.0,530000.0
390,5.4416963826053306e-08,9360000.0,530500.0
391,0.0,9360000.0,531000.0
392,0.0,9360000.0,531500.0
393,0.0,9360000.0,532000.0
394,1.2205628834858507e-08,9359500.0,514000.0
395,1.2205628834858507e-08,9359500.0,514500.0
396,1.2205628834858507e-08,9359500.0,515000.0
397,1.2205628834858507e-08,9359500.0,515500.0
398,1.2205628834858507e-08,9359500.0,516000.0
399,1.2205628834858507e-08,9359500.0,516500.0
400,1.2205628834858507e-08,9359500.0,517000.0
401,1.2205628834858507e-08,9359500.0,517500.0
402,1.2205628834858507e-08,9359500.0,518000.0
403,8.626962953446249e-08,9359500.0,518500.0
404,8.626962953446249e-08,9359500.0,519000.0
405,8.626962953446249e-08,9359500.0,519500.0
406,8.626962953446249e-08,9359500.0,520000.0
407,8.626962953446249e-08,9359500.0,520500.0
408,8.626962953446249e-08,9359500.0,521000.0
409,8.626962953446249e-08,9359500.0,521500.0
410,8.626962953446249e-08,9359500.0,522000.0
411,8.016681511703323e-08,9359500.0,522500.0
412,0.0,9359500.0,523000.0
413,0.0,9359500.0,523500.0
414,0.0,9359500.0,525500.0
415,0.0,9359500.0,526000.0
416,0.0,9359500.0,526500.0
417,0.0,9359500.0,527000.0
418,0.0,9359500.0,527500.0
419,1.0883392765210661e-07,9359500.0,528000.0
420,4.0447078464616587e-07,9359500.0,528500.0
421,4.0447078464616587e-07,9359500.0,529000.0
422,3.493863362035753e-07,9359500.0,529500.0
423,3.932924965033626e-07,9359500.0,530000.0
424,2.6157401560400055e-07,9359500.0,530500.0
425,5.4416963826053306e-08,9359500.0,531000.0
426,0.0,9359500.0,531500.0
427,0.0,9359500.0,532000.0
428,1.2205628834858507e-08,9359000.0,514000.0
429,1.2205628834858507e-08,9359000.0,514500.0
430,1.2205628834858507e-08,9359000.0,515000.0
431,1.2205628834858507e-08,9359000.0,515500.0
432,1.2205628834858507e-08,9359000.0,516000.0
433,1.2205628834858507e-08,9359000.0,516500.0
434,1.2205628834858507e-08,9359000.0,517000.0
435,1.2205628834858507e-08,9359000.0,517500.0
436,4.92376291846605e-08,9359000.0,518000.0
437,8.626962953446249e-08,9359000.0,518500.0
438,8.626962953446249e-08,9359000.0,519000.0
439,8.626962953446249e-08,9359000.0,519500.0
440,8.626962953446249e-08,9359000.0,520000.0
441,8.626962953446249e-08,9359000.0,520500.0
442,8.626962953446249e-08,9359000.0,521000.0
443,8.626962953446249e-08,9359000.0,521500.0
444,8.626962953446249e-08,9359000.0,522000.0
445,7.406400069960398e-08,9359000.0,522500.0
446,0.0,9359000.0,523000.0
447,0.0,9359000.0,523500.0
448,0.0,9359000.0,525500.0
449,0.0,9359000.0,526000.0
450,0.0,9359000.0,526500.0
451,0.0,9359000.0,527000.0
452,0.0,9359000.0,527500.0
453,0.0,9359000.0,528000.0
454,4.0447078464616587e-07,9359000.0,528500.0
455,5.800954258453152e-07,9359000.0,529000.0
456,3.932924965033626e-07,9359000.0,529500.0
457,3.932924965033626e-07,9359000.0,530000.0
458,3.932924965033626e-07,9359000.0,530500.0
459,2.1766785530421322e-07,9359000.0,531000.0
460,0.0,9359000.0,531500.0
461,0.0,9359000.0,532000.0
462,1.2205628834858507e-08,9358500.0,514000.0
463,1.2205628834858507e-08,9358500.0,514500.0
464,1.2205628834858507e-08,9358500.0,515000.0
465,1.2205628834858507e-08,9358500.0,515500.0
466,1.2205628834858507e-08,9358500.0,516000.0
467,1.2205628834858507e-08,9358500.0,516500.0
468,1.2205628834858507e-08,9358500.0,517000.0
469,1.2205628834858507e-08,9358500.0,517500.0
470,8.626962953446249e-08,9358500.0,518000.0
471,8.626962953446249e-08,9358500.0,518500.0
472,8.626962953446249e-08,9358500.0,519000.0
473,8.626962953446249e-08,9358500.0,519500.0
474,8.626962953446249e-08,9358500.0,520000.0
475,8.626962953446249e-08,9358500.0,520500.0
476,8.626962953446249e-08,9358500.0,521000.0
477,8.626962953446249e-08,9358500.0,521500.0
478,8.626962953446249e-08,9358500.0,522000.0
479,7.406400069960398e-08,9358500.0,522500.0
480,0.0,9358500.0,523000.0
481,0.0,9358500.0,523500.0
482,0.0,9358500.0,526000.0
483,0.0,9358500.0,526500.0
484,0.0,9358500.0,527000.0
485,0.0,9358500.0,527500.0
486,0.0,9358500.0,528000.0
487,4.6700732335488154e-08,9358500.0,528500.0
488,5.800954258453152e-07,9358500.0,529000.0
489,3.932924965033626e-07,9358500.0,529500.0
490,3.932924965033626e-07,9358500.0,530000.0
491,3.932924965033626e-07,9358500.0,530500.0
492,3.4938633620357524e-07,9358500.0,531000.0
493,1.0883392765210661e-07,9358500.0,531500.0
494,0.0,9358500.0,532000.0
495,1.2205628834858507e-08,9358000.0,514000.0
496,1.2205628834858507e-08,9358000.0,514500.0
497,1.2205628834858507e-08,9358000.0,515000.0
498,1.2205628834858507e-08,9358000.0,515500.0
499,1.2205628834858507e-08,9358000.0,516000.0
500,1.2205628834858507e-08,9358000.0,516500.0
501,1.2205628834858507e-08,9358000.0,517000.0
502,1.2205628834858507e-08,9358000.0,517500.0
503,8.626962953446249e-08,9358000.0,518000.0
504,8.626962953446249e-08,9358000.0,518500.0
505,8.626962953446249e-08,9358000.0,519000.0
506,8.626962953446249e-08,9358000.0,519500.0
507,8.626962953446249e-08,9358000.0,520000.0
508,8.626962953446249e-08,9358000.0,520500.0
509,8.626962953446249e-08,9358000.0,521000.0
510,8.626962953446249e-08,9358000.0,521500.0
511,8.626962953446249e-08,9358000.0,522000.0
512,7.406400069960398e-08,9358000.0,522500.0
513,0.0,9358000.0,523000.0
514,0.0,9358000.0,523500.0
515,0.0,9358000.0,527000.0
516,0.0,9358000.0,527500.0
517,0.0,9358000.0,528000.0
518,0.0,9358000.0,528500.0
519,5.800954258453152e-07,9358000.0,529000.0
520,3.932924965033626e-07,9358000.0,529500.0
521,3.932924965033626e-07,9358000.0,530000.0
522,3.932924965033626e-07,9358000.0,530500.0
523,3.932924965033626e-07,9358000.0,531000.0
524,1.0883392765210661e-07,9358000.0,531500.0
525,0.0,9358000.0,532000.0
526,1.2205628834858507e-08,9357500.0,514000.0
527,1.2205628834858507e-08,9357500.0,514500.0
528,1.2205628834858507e-08,9357500.0,515000.0
529,1.2205628834858507e-08,9357500.0,515500.0
530,1.2205628834858507e-08,9357500.0,516000.0
531,1.2205628834858507e-08,9357500.0,516500.0
532,1.2205628834858507e-08,9357500.0,517000.0
533,1.2205628834858507e-08,9357500.0,517500.0
534,8.626962953446249e-08,9357500.0,518000.0
535,8.626962953446249e-08,9357500.0,518500.0
536,8.626962953446249e-08,9357500.0,519000.0
537,8.626962953446249e-08,9357500.0,519500.0
538,8.626962953446249e-08,9357500.0,520000.0
539,8.626962953446249e-08,9357500.0,520500.0
540,8.626962953446249e-08,9357500.0,521000.0
541,8.626962953446249e-08,9357500.0,521500.0
542,8.626962953446249e-08,9357500.0,522000.0
543,7.406400069960398e-08,9357500.0,522500.0
544,0.0,9357500.0,523000.0
545,0.0,9357500.0,523500.0
546,0.0,9357500.0,525500.0
547,0.0,9357500.0,526500.0
548,0.0,9357500.0,527000.0
549,0.0,9357500.0,527500.0
550,0.0,9357500.0,528000.0
551,0.0,9357500.0,528500.0
552,5.800954258453152e-07,9357500.0,529000.0
553,1.4095030161848113e-06,9357500.0,529500.0
554,1.2694008191783468e-06,9357500.0,530000.0
555,3.932924965033626e-07,9357500.0,530500.0
556,3.932924965033626e-07,9357500.0,531000.0
557,0.0,9357500.0,531500.0
558,0.0,9357500.0,532000.0
559,1.2205628834858507e-08,9357000.0,514000.0
560,1.2205628834858507e-08,9357000.0,514500.0
561,1.2205628834858507e-08,9357000.0,515000.0
562,1.2205628834858507e-08,9357000.0,515500.0
563,1.2205628834858507e-08,9357000.0,516000.0
564,1.2205628834858507e-08,9357000.0,516500.0
565,1.2205628834858507e-08,9357000.0,517000.0
566,1.2205628834858507e-08,9357000.0,517500.0
567,8.626962953446249e-08,9357000.0,518000.0
568,8.626962953446249e-08,9357000.0,518500.0
569,8.626962953446249e-08,9357000.0,519000.0
570,8.626962953446249e-08,9357000.0,519500.0
571,8.626962953446249e-08,9357000.0,520000.0
572,8.626962953446249e-08,9357000.0,520500.0
573,8.626962953446249e-08,9357000.0,521000.0
574,8.626962953446249e-08,9357000.0,521500.0
575,8.626962953446249e-08,9357000.0,522000.0
576,7.406400069960398e-08,9357000.0,522500.0
577,0.0,9357000.0,523000.0
578,0.0,9357000.0,523500.0
579,0.0,9357000.0,525500.0
580,0.0,9357000.0,526500.0
581,0.0,9357000.0,527000.0
582,0.0,9357000.0,527500.0
583,8.78123205995747e-08,9357000.0,528500.0
584,5.800954258453152e-07,9357000.0,529000.0
585,1.4562037485202995e-06,9357000.0,529500.0
586,1.2694008191783468e-06,9357000.0,530000.0
587,3.932924965033626e-07,9357000.0,530500.0
588,3.054801759037879e-07,9357000.0,531000.0
589,0.0,9357000.0,531500.0
590,0.0,9357000.0,532000.0
591,1.2205628834858507e-08,9356500.0,514000.0
592,1.2205628834858507e-08,9356500.0,514500.0
593,1.2205628834858507e-08,9356500.0,515000.0
594,1.2205628834858507e-08,9356500.0,515500.0
595,1.2205628834858507e-08,9356500.0,516000.0
596,1.2205628834858507e-08,9356500.0,516500.0
597,1.2205628834858507e-08,9356500.0,517000.0
598,3.0721629009759507e-08,9356500.0,517500.0
599,8.626962953446249e-08,9356500.0,518000.0
600,8.626962953446249e-08,9356500.0,518500.0
601,8.626962953446249e-08,9356500.0,519000.0
602,8.626962953446249e-08,9356500.0,519500.0
603,8.626962953446249e-08,9356500.0,520000.0
604,8.626962953446249e-08,9356500.0,520500.0
605,8.626962953446249e-08,9356500.0,521000.0
606,8.626962953446249e-08,9356500.0,521500.0
607,8.626962953446249e-08,9356500.0,522000.0
608,3.703200034980199e-08,9356500.0,522500.0
609,0.0,9356500.0,523000.0
610,0.0,9356500.0,523500.0
611,0.0,9356500.0,525500.0
612,0.0,9356500.0,526000.0
613,0.0,9356500.0,526500.0
614,0.0,9356500.0,527000.0
615,0.0,9356500.0,527500.0
616,0.0,9356500.0,528000.0
617,3.932924965033626e-07,9356500.0,528500.0
618,4.866939611743389e-07,9356500.0,529000.0
619,1.4562037485202995e-06,9356500.0,529500.0
620,1.316101551513835e-06,9356500.0,530000.0
621,3.932924965033626e-07,9356500.0,530500.0
622,2.1766785530421322e-07,9356500.0,531000.0
623,0.0,9356500.0,531500.0
624,1.2205628834858507e-08,9356000.0,514000.0
625,1.2205628834858507e-08,9356000.0,514500.0
626,1.2205628834858507e-08,9356000.0,515000.0
627,1.2205628834858507e-08,9356000.0,515500.0
628,4.214126555086632e-07,9356000.0,516000.0
629,1.2205628834858507e-08,9356000.0,516500.0
630,1.2205628834858507e-08,9356000.0,517000.0
631,6.775362935956149e-08,9356000.0,517500.0
632,8.626962953446249e-08,9356000.0,518000.0
633,8.626962953446249e-08,9356000.0,518500.0
634,8.626962953446249e-08,9356000.0,519000.0
635,8.626962953446249e-08,9356000.0,519500.0
636,8.626962953446249e-08,9356000.0,520000.0
637,8.626962953446249e-08,9356000.0,520500.0
638,8.626962953446249e-08,9356000.0,521000.0
639,8.626962953446249e-08,9356000.0,521500.0
640,8.626962953446249e-08,9356000.0,522000.0
641,0.0,9356000.0,522500.0
642,0.0,9356000.0,523000.0
643,0.0,9356000.0,523500.0
644,0.0,9356000.0,526000.0
645,0.0,9356000.0,526500.0
646,0.0,9356000.0,527000.0
647,0.0,9356000.0,528000.0
648,3.932924965033626e-07,9356000.0,528500.0
649,5.800954258453152e-07,9356000.0,529000.0
650,1.4562037485202995e-06,9356000.0,529500.0
651,8.313466578408547e-07,9356000.0,530000.0
652,1.6325089147815993e-07,9356000.0,530500.0
653,0.0,9356000.0,531000.0
654,0.0,9356000.0,531500.0
655,9.01383180594343e-07,9355500.0,514000.0
656,9.01383180594343e-07,9355500.0,514500.0
657,9.01383180594343e-07,9355500.0,515000.0
658,9.01383180594343e-07,9355500.0,515500.0
659,9.01383180594343e-07,9355500.0,516000.0
660,1.2205628834858507e-08,9355500.0,516500.0
661,1.2205628834858507e-08,9355500.0,517000.0
662,8.626962953446249e-08,9355500.0,517500.0
663,8.626962953446249e-08,9355500.0,518000.0
664,8.626962953446249e-08,9355500.0,518500.0
665,8.626962953446249e-08,9355500.0,519000.0
666,8.626962953446249e-08,9355500.0,519500.0
667,8.626962953446249e-08,9355500.0,520000.0
668,8.626962953446249e-08,9355500.0,520500.0
669,8.626962953446249e-08,9355500.0,521000.0
670,8.626962953446249e-08,9355500.0,521500.0
671,8.626962953446249e-08,9355500.0,522000.0
672,0.0,9355500.0,522500.0
673,0.0,9355500.0,523000.0
674,0.0,9355500.0,523500.0
675,0.0,9355500.0,526000.0
676,0.0,9355500.0,526500.0
677,0.0,9355500.0,527000.0
678,0.0,9355500.0,527500.0
679,1.8613544472541534e-07,9355500.0,528000.0
680,3.932924965033626e-07,9355500.0,528500.0
681,5.800954258453152e-07,9355500.0,529000.0
682,1.4562037485202995e-06,9355500.0,529500.0
683,6.557220166417053e-07,9355500.0,530000.0
684,0.0,9355500.0,530500.0
685,0.0,9355500.0,531000.0
686,9.01383180594343e-07,9355000.0,514000.0
687,9.01383180594343e-07,9355000.0,514500.0
688,9.01383180594343e-07,9355000.0,515000.0
689,9.01383180594343e-07,9355000.0,515500.0
690,9.01383180594343e-07,9355000.0,516000.0
691,8.660014313884055e-07,9355000.0,516500.0
692,1.2205628834858507e-08,9355000.0,517000.0
693,8.626962953446249e-08,9355000.0,517500.0
694,8.626962953446249e-08,9355000.0,518000.0
695,8.626962953446249e-08,9355000.0,518500.0
696,8.626962953446249e-08,9355000.0,519000.0
697,8.626962953446249e-08,9355000.0,519500.0
698,8.626962953446249e-08,9355000.0,520000.0
699,8.626962953446249e-08,9355000.0,520500.0
700,8.626962953446249e-08,9355000.0,521000.0
701,8.626962953446249e-08,9355000.0,521500.0
702,8.626962953446249e-08,9355000.0,522000.0
703,0.0,9355000.0,522500.0
704,0.0,9355000.0,523000.0
705,0.0,9355000.0,523500.0
706,0.0,9355000.0,526000.0
707,0.0,9355000.0,526500.0
708,0.0,9355000.0,527000.0
709,0.0,9355000.0,527500.0
710,3.932924965033626e-07,9355000.0,528000.0
711,5.800954258453152e-07,9355000.0,528500.0
712,7.991225065140612e-07,9355000.0,529000.0
713,1.4562037485202995e-06,9355000.0,529500.0
714,3.054801759037879e-07,9355000.0,530000.0
715,0.0,9355000.0,530500.0
716,0.0,9355000.0,531000.0
717,8.902747239173048e-07,9354500.0,514000.0
718,8.902747239173048e-07,9354500.0,514500.0
719,8.902747239173048e-07,9354500.0,515000.0
720,8.902747239173048e-07,9354500.0,515500.0
721,8.902747239173048e-07,9354500.0,516000.0
722,8.902747239173048e-07,9354500.0,516500.0
723,1.097172157820159e-09,9354500.0,517000.0
724,7.62583450152443e-08,9354500.0,517500.0
725,7.62583450152443e-08,9354500.0,518000.0
726,7.62583450152443e-08,9354500.0,518500.0
727,7.62583450152443e-08,9354500.0,519000.0
728,1.1404725628265592e-06,9354500.0,519500.0
729,1.1404725628265592e-06,9354500.0,520000.0
730,1.1404725628265592e-06,9354500.0,520500.0
731,1.1404725628265592e-06,9354500.0,521000.0
732,7.62583450152443e-08,9354500.0,521500.0
733,7.62583450152443e-08,9354500.0,522000.0
734,1.097172157820159e-09,9354500.0,522500.0
735,0.0,9354500.0,523000.0
736,0.0,9354500.0,526500.0
737,0.0,9354500.0,527000.0
738,0.0,9354500.0,527500.0
739,3.932924965033626e-07,9354500.0,528000.0
740,5.800954258453152e-07,9354500.0,528500.0
741,1.2371766678515535e-06,9354500.0,529000.0
742,1.2694008191783468e-06,9354500.0,529500.0
743,3.054801759037879e-07,9354500.0,530000.0
744,0.0,9354500.0,530500.0
745,0.0,9354500.0,531000.0
746,8.913718960751249e-07,9354000.0,514000.0
747,8.913718960751249e-07,9354000.0,514500.0
748,8.913718960751249e-07,9354000.0,515000.0
749,8.913718960751249e-07,9354000.0,515500.0
750,8.913718960751249e-07,9354000.0,516000.0
751,8.913718960751249e-07,9354000.0,516500.0
752,2.194344315640318e-09,9354000.0,517000.0
753,7.62583450152443e-08,9354000.0,517500.0
754,7.62583450152443e-08,9354000.0,518000.0
755,7.62583450152443e-08,9354000.0,518500.0
756,1.1404725628265592e-06,9354000.0,519000.0
757,1.1404725628265592e-06,9354000.0,519500.0
758,1.1404725628265592e-06,9354000.0,520000.0
759,1.1404725628265592e-06,9354000.0,520500.0
760,1.1404725628265592e-06,9354000.0,521000.0
761,7.62583450152443e-08,9354000.0,521500.0
762,7.62583450152443e-08,9354000.0,522000.0
763,0.0,9354000.0,522500.0
764,0.0,9354000.0,523000.0
765,0.0,9354000.0,526500.0
766,0.0,9354000.0,527000.0
767,1.6325089147815993e-07,9354000.0,527500.0
768,4.399932288388508e-07,9354000.0,528000.0
769,5.800954258453152e-07,9354000.0,528500.0
770,1.316101551513835e-06,9354000.0,529000.0
771,1.2694008191783468e-06,9354000.0,529500.0
772,3.054801759037879e-07,9354000.0,530000.0
773,0.0,9354000.0,530500.0
774,8.913718960751249e-07,9353500.0,514000.0
775,8.913718960751249e-07,9353500.0,514500.0
776,9.509725649379028e-07,9353500.0,515000.0
777,9.509725649379028e-07,9353500.0,515500.0
778,9.509725649379028e-07,9353500.0,516000.0
779,9.509725649379028e-07,9353500.0,516500.0
780,1.3255851159029344e-07,9353500.0,517000.0
781,1.3585901387802236e-07,9353500.0,517500.0
782,1.3585901387802236e-07,9353500.0,518000.0
783,1.3585901387802236e-07,9353500.0,518500.0
784,1.2000732316893374e-06,9353500.0,519000.0
785,1.1702728972579483e-06,9353500.0,519500.0
786,1.1404725628265592e-06,9353500.0,520000.0
787,1.1404725628265592e-06,9353500.0,520500.0
788,1.1404725628265592e-06,9353500.0,521000.0
789,7.62583450152443e-08,9353500.0,521500.0
790,3.867775858653223e-08,9353500.0,522000.0
791,0.0,9353500.0,522500.0
792,0.0,9353500.0,523000.0
793,0.0,9353500.0,523500.0
794,0.0,9353500.0,526500.0
795,0.0,9353500.0,527000.0
796,3.054801759037879e-07,9353500.0,527500.0
797,5.800954258453152e-07,9353500.0,528000.0
798,5.800954258453152e-07,9353500.0,528500.0
799,1.2694008191783468e-06,9353500.0,529000.0
800,1.2694008191783468e-06,9353500.0,529500.0
801,1.6325089147815993e-07,9353500.0,530000.0
802,0.0,9353500.0,530500.0
803,8.913718960751249e-07,9353000.0,514000.0
804,8.913718960751249e-07,9353000.0,514500.0
805,9.509725649379028e-07,9353000.0,515000.0
806,9.509725649379028e-07,9353000.0,515500.0
807,9.155908157319653e-07,9353000.0,516000.0
808,5.063837890581606e-07,9353000.0,516500.0
809,6.179501317841836e-08,9353000.0,517000.0
810,1.3585901387802236e-07,9353000.0,517500.0
811,1.3585901387802236e-07,9353000.0,518000.0
812,1.3585901387802236e-07,9353000.0,518500.0
813,1.2000732316893374e-06,9353000.0,519000.0
814,1.2000732316893374e-06,9353000.0,519500.0
815,1.1404725628265592e-06,9353000.0,520000.0
816,1.1404725628265592e-06,9353000.0,520500.0
817,7.62583450152443e-08,9353000.0,521000.0
818,7.62583450152443e-08,9353000.0,521500.0
819,1.8516000174900996e-08,9353000.0,522000.0
820,0.0,9353000.0,522500.0
821,0.0,9353000.0,523000.0
822,0.0,9353000.0,523500.0
823,0.0,9353000.0,526500.0
824,1.0883392765210661e-07,9353000.0,527000.0
825,4.866939611743389e-07,9353000.0,527500.0
826,5.800954258453152e-07,9353000.0,528000.0
827,3.932924965033626e-07,9353000.0,528500.0
828,3.932924965033626e-07,9353000.0,529000.0
829,6.123195771721086e-07,9353000.0,529500.0
830,0.0,9353000.0,530000.0
831,0.0,9353000.0,530500.0
832,2.194344315640318e-09,9352500.0,514000.0
833,3.199467874702934e-08,9352500.0,514500.0
834,6.179501317841836e-08,9352500.0,515000.0
835,6.179501317841836e-08,9352500.0,515500.0
836,6.179501317841836e-08,9352500.0,516000.0
837,6.179501317841836e-08,9352500.0,516500.0
838,6.179501317841836e-08,9352500.0,517000.0
839,1.3585901387802236e-07,9352500.0,517500.0
840,1.3585901387802236e-07,9352500.0,518000.0
841,1.3585901387802236e-07,9352500.0,518500.0
842,1.3585901387802236e-07,9352500.0,519000.0
843,1.3585901387802236e-07,9352500.0,519500.0
844,7.62583450152443e-08,9352500.0,520000.0
845,7.62583450152443e-08,9352500.0,520500.0
846,7.62583450152443e-08,9352500.0,521000.0
847,7.461258677851406e-08,9352500.0,521500.0
848,0.0,9352500.0,522000.0
849,0.0,9352500.0,522500.0
850,0.0,9352500.0,523000.0
851,0.0,9352500.0,523500.0
852,0.0,9352500.0,524000.0
853,0.0,9352500.0,524500.0
854,0.0,9352500.0,525000.0
855,0.0,9352500.0,525500.0
856,0.0,9352500.0,526000.0
857,0.0,9352500.0,526500.0
858,0.0,9352500.0,527000.0
859,3.62427570541102e-07,9352500.0,527500.0
860,1.756246411991494e-07,9352500.0,528000.0
861,3.388755326773093e-07,9352500.0,528500.0
862,3.932924965033626e-07,9352500.0,529000.0
863,2.1766785530421322e-07,9352500.0,529500.0
864,0.0,9352500.0,530000.0
865,2.194344315640318e-09,9352000.0,514000.0
866,6.179501317841836e-08,9352000.0,514500.0
867,6.179501317841836e-08,9352000.0,515000.0
868,6.179501317841836e-08,9352000.0,515500.0
869,6.179501317841836e-08,9352000.0,516000.0
870,6.179501317841836e-08,9352000.0,516500.0
871,6.179501317841836e-08,9352000.0,517000.0
872,1.3585901387802236e-07,9352000.0,517500.0
873,1.3585901387802236e-07,9352000.0,518000.0
874,1.3585901387802236e-07,9352000.0,518500.0
875,1.3585901387802236e-07,9352000.0,519000.0
876,1.0605867944663334e-07,9352000.0,519500.0
877,7.62583450152443e-08,9352000.0,520000.0
878,7.62583450152443e-08,9352000.0,520500.0
879,7.62583450152443e-08,9352000.0,521000.0
880,7.406400069960398e-08,9352000.0,521500.0
881,0.0,9352000.0,522000.0
882,0.0,9352000.0,522500.0
883,0.0,9352000.0,523000.0
884,0.0,9352000.0,523500.0
885,0.0,9352000.0,524000.0
886,0.0,9352000.0,524500.0
887,0.0,9352000.0,525000.0
888,0.0,9352000.0,525500.0
889,0.0,9352000.0,526000.0
890,0.0,9352000.0,526500.0
891,2.3070908964173994e-07,9352000.0,527000.0
892,1.756246411991494e-07,9352000.0,527500.0
893,1.756246411991494e-07,9352000.0,528000.0
894,1.3171848089936204e-07,9352000.0,528500.0
895,0.0,9352000.0,529000.0
896,0.0,9352000.0,529500.0
897,0.0,9352000.0,530000.0
898,2.194344315640318e-09,9351500.0,514000.0
899,6.179501317841836e-08,9351500.0,514500.0
900,6.179501317841836e-08,9351500.0,515000.0
901,6.179501317841836e-08,9351500.0,515500.0
902,6.179501317841836e-08,9351500.0,516000.0
903,6.179501317841836e-08,9351500.0,516500.0
904,6.179501317841836e-08,9351500.0,517000.0
905,1.3585901387802236e-07,9351500.0,517500.0
906,1.3585901387802236e-07,9351500.0,518000.0
907,1.3585901387802236e-07,9351500.0,518500.0
908,1.3585901387802236e-07,9351500.0,519000.0
909,7.62583450152443e-08,9351500.0,519500.0
910,7.62583450152443e-08,9351500.0,520000.0
911,7.62583450152443e-08,9351500.0,520500.0
912,7.406400069960398e-08,9351500.0,521000.0
913,7.406400069960398e-08,9351500.0,521500.0
914,0.0,9351500.0,522000.0
915,0.0,9351500.0,522500.0
916,0.0,9351500.0,523000.0
917,0.0,9351500.0,523500.0
918,0.0,9351500.0,524000.0
919,0.0,9351500.0,524500.0
920,0.0,9351500.0,525000.0
921,0.0,9351500.0,525500.0
922,9.340146467097631e-08,9351500.0,526000.0
923,1.4010219700646447e-07,9351500.0,526500.0
924,0.0,9351500.0,527000.0
925,0.0,9351500.0,527500.0
926,0.0,9351500.0,528000.0
927,0.0,9351500.0,528500.0
928,0.0,9351500.0,529000.0
929,2.194344315640318e-09,9351000.0,514000.0
930,6.179501317841836e-08,9351000.0,514500.0
931,6.179501317841836e-08,9351000.0,515000.0
932,6.179501317841836e-08,9351000.0,515500.0
933,6.179501317841836e-08,9351000.0,516000.0
934,6.179501317841836e-08,9351000.0,516500.0
935,6.179501317841836e-08,9351000.0,517000.0
936,1.3585901387802236e-07,9351000.0,517500.0
937,1.3585901387802236e-07,9351000.0,518000.0
938,1.3585901387802236e-07,9351000.0,518500.0
939,1.3585901387802236e-07,9351000.0,519000.0
940,7.62583450152443e-08,9351000.0,519500.0
941,7.62583450152443e-08,9351000.0,520000.0
942,7.62583450152443e-08,9351000.0,520500.0
943,7.406400069960398e-08,9351000.0,521000.0
944,1.8516000174900996e-08,9351000.0,521500.0
945,0.0,9351000.0,522000.0
946,0.0,9351000.0,522500.0
947,0.0,9351000.0,523000.0
948,0.0,9351000.0,523500.0
949,0.0,9351000.0,524000.0
950,0.0,9351000.0,524500.0
951,0.0,9351000.0,525000.0
952,1.8680292934195262e-07,9351000.0,525500.0
953,4.6700732335488154e-08,9351000.0,526000.0
954,0.0,9351000.0,526500.0
955,0.0,9351000.0,527000.0
956,0.0,9351000.0,527500.0
957,0.0,9351000.0,528000.0
958,3.9617758487587454e-07,9350500.0,514000.0
959,4.259779193072635e-07,9350500.0,514500.0
960,2.4388646624284095e-07,9350500.0,515000.0
961,6.179501317841836e-08,9350500.0,515500.0
962,6.179501317841836e-08,9350500.0,516000.0
963,6.179501317841836e-08,9350500.0,516500.0
964,6.179501317841836e-08,9350500.0,517000.0
965,1.3585901387802236e-07,9350500.0,517500.0
966,1.3585901387802236e-07,9350500.0,518000.0
967,1.1190214744470451e-06,9350500.0,518500.0
968,1.1190214744470451e-06,9350500.0,519000.0
969,7.62583450152443e-08,9350500.0,519500.0
970,7.62583450152443e-08,9350500.0,520000.0
971,7.461258677851406e-08,9350500.0,520500.0
972,1.8516000174900996e-08,9350500.0,521000.0
973,0.0,9350500.0,521500.0
974,0.0,9350500.0,522000.0
975,0.0,9350500.0,522500.0
976,0.0,9350500.0,523000.0
977,0.0,9350500.0,523500.0
978,0.0,9350500.0,524000.0
979,0.0,9350500.0,524500.0
980,0.0,9350500.0,525000.0
981,0.0,9350500.0,525500.0
982,0.0,9350500.0,526000.0
983,0.0,9350500.0,526500.0
984,0.0,9350500.0,527000.0
985,4.259779193072635e-07,9350000.0,514000.0
986,4.259779193072635e-07,9350000.0,514500.0
987,4.259779193072635e-07,9350000.0,515000.0
988,4.259779193072635e-07,9350000.0,515500.0
989,4.259779193072635e-07,9350000.0,516000.0
990,6.179501317841836e-08,9350000.0,516500.0
991,6.179501317841836e-08,9350000.0,517000.0
992,1.3585901387802236e-07,9350000.0,517500.0
993,1.1190214744470451e-06,9350000.0,518000.0
994,1.1190214744470451e-06,9350000.0,518500.0
995,1.0892211400156563e-06,9350000.0,519000.0
996,1.0594208055842672e-06,9350000.0,519500.0
997,7.62583450152443e-08,9350000.0,520000.0
998,7.406400069960398e-08,9350000.0,520500.0
999,0.0,9350000.0,521000.0
1000,0.0,9350000.0,521500.0
1001,0.0,9350000.0,522000.0
1002,0.0,9350000.0,522500.0
1003,0.0,9350000.0,523000.0
1004,0.0,9350000.0,523500.0
1005,0.0,9350000.0,524000.0
1006,0.0,9350000.0,524500.0
1007,0.0,9350000.0,525000.0
1008,0.0,9350000.0,525500.0
1009,4.259779193072635e-07,9349500.0,514000.0
1010,4.259779193072635e-07,9349500.0,514500.0
1011,4.259779193072635e-07,9349500.0,515000.0
1012,4.259779193072635e-07,9349500.0,515500.0
1013,4.259779193072635e-07,9349500.0,516000.0
1014,6.179501317841836e-08,9349500.0,516500.0
1015,6.179501317841836e-08,9349500.0,517000.0
1016,3.816496290202781e-07,9349500.0,517500.0
1017,1.1190214744470451e-06,9349500.0,518000.0
1018,1.1190214744470451e-06,9349500.0,518500.0
1019,1.0594208055842672e-06,9349500.0,519000.0
1020,1.0594208055842672e-06,9349500.0,519500.0
1021,7.516117285742414e-08,9349500.0,520000.0
1022,1.8516000174900996e-08,9349500.0,520500.0
1023,0.0,9349500.0,521000.0
1024,0.0,9349500.0,521500.0
1025,0.0,9349500.0,522000.0
1026,0.0,9349500.0,522500.0
1027,0.0,9349500.0,523000.0
1028,0.0,9349500.0,523500.0
1029,0.0,9349500.0,524000.0
1030,0.0,9349500.0,524500.0
1031,0.0,9349500.0,525000.0
1032,3.6637725044448547e-07,9349000.0,514000.0
1033,3.6637725044448547e-07,9349000.0,514500.0
1034,3.6637725044448547e-07,9349000.0,515000.0
1035,3.6637725044448547e-07,9349000.0,515500.0
1036,4.91888532346121e-07,9349000.0,516000.0
1037,1.2770562621727585e-07,9349000.0,516500.0
1038,1.2770562621727585e-07,9349000.0,517000.0
1039,2.0176962691687982e-07,9349000.0,517500.0
1040,1.0594208055842672e-06,9349000.0,518000.0
1041,1.0594208055842672e-06,9349000.0,518500.0
1042,1.0594208055842672e-06,9349000.0,519000.0
1043,7.62583450152443e-08,9349000.0,519500.0
1044,7.406400069960398e-08,9349000.0,520000.0
1045,0.0,9349000.0,520500.0
1046,0.0,9349000.0,521000.0
1047,0.0,9349000.0,521500.0
1048,0.0,9349000.0,522000.0
1049,0.0,9349000.0,522500.0
1050,0.0,9349000.0,523000.0
1051,0.0,9349000.0,523500.0
1052,0.0,9349000.0,524000.0
1053,0.0,9349000.0,524500.0
1054,3.6637725044448547e-07,9348500.0,514000.0
1055,3.6637725044448547e-07,9348500.0,514500.0
1056,3.6637725044448547e-07,9348500.0,515000.0
1057,6.173998142477565e-07,9348500.0,515500.0
1058,5.263540877155452e-07,9348500.0,516000.0
1059,2.5321690811891135e-07,9348500.0,516500.0
1060,2.5321690811891135e-07,9348500.0,517000.0
1061,3.272809088185154e-07,9348500.0,517500.0
1062,1.3104433693875382e-06,9348500.0,518000.0
1063,1.0594208055842672e-06,9348500.0,518500.0
1064,5.678395752997558e-07,9348500.0,519000.0
1065,7.62583450152443e-08,9348500.0,519500.0
1066,3.703200034980199e-08,9348500.0,520000.0
1067,0.0,9348500.0,520500.0
1068,0.0,9348500.0,521000.0
1069,0.0,9348500.0,522000.0
1070,0.0,9348500.0,522500.0
1071,0.0,9348500.0,523000.0
1072,0.0,9348500.0,523500.0
1073,0.0,9348500.0,524000.0
1074,0.0,9348500.0,524500.0
1075,3.9780847195921997e-07,9348000.0,514000.0
1076,5.5475097537559e-07,9348000.0,514500.0
1077,6.802622572772255e-07,9348000.0,515000.0
1078,3.442626346511226e-07,9348000.0,515500.0
1079,2.5321690811891135e-07,9348000.0,516000.0
1080,2.5321690811891135e-07,9348000.0,516500.0
1081,2.5321690811891135e-07,9348000.0,517000.0
1082,3.272809088185154e-07,9348000.0,517500.0
1083,3.272809088185154e-07,9348000.0,518000.0
1084,2.645252678676976e-07,9348000.0,518500.0
1085,7.62583450152443e-08,9348000.0,519000.0
1086,7.62583450152443e-08,9348000.0,519500.0
1087,0.0,9348000.0,520000.0
1088,0.0,9348000.0,520500.0
1089,0.0,9348000.0,522500.0
1090,0.0,9348000.0,523000.0
1091,0.0,9348000.0,523500.0
1092,0.0,9348000.0,524000.0
1093,0.0,9348000.0,524500.0
1094,1.279192303745782e-07,9347500.0,514000.0
1095,1.279192303745782e-07,9347500.0,514500.0
1096,3.7894179417784926e-07,9347500.0,515000.0
1097,3.7894179417784926e-07,9347500.0,515500.0
1098,3.7894179417784926e-07,9347500.0,516000.0
1099,3.7894179417784926e-07,9347500.0,516500.0
1100,2.5321690811891135e-07,9347500.0,517000.0
1101,2.5321690811891135e-07,9347500.0,517500.0
1102,7.62583450152443e-08,9347500.0,518000.0
1103,7.62583450152443e-08,9347500.0,518500.0
1104,7.62583450152443e-08,9347500.0,519000.0
1105,7.516117285742414e-08,9347500.0,519500.0
1106,0.0,9347500.0,520000.0
1107,0.0,9347500.0,522500.0
1108,0.0,9347500.0,523000.0
1109,0.0,9347500.0,523500.0
1110,0.0,9347500.0,524000.0
1111,1.279192303745782e-07,9347000.0,514000.0
1112,1.279192303745782e-07,9347000.0,514500.0
1113,1.9067487132539595e-07,9347000.0,515000.0
1114,3.7894179417784926e-07,9347000.0,515500.0
1115,3.7894179417784926e-07,9347000.0,516000.0
1116,3.7894179417784926e-07,9347000.0,516500.0
1117,1.2770562621727585e-07,9347000.0,517000.0
1118,2.194344315640318e-09,9347000.0,517500.0
1119,2.194344315640318e-09,9347000.0,518000.0
1120,7.62583450152443e-08,9347000.0,518500.0
1121,7.62583450152443e-08,9347000.0,519000.0
1122,7.406400069960398e-08,9347000.0,519500.0
1123,0.0,9347000.0,520000.0
1124,0.0,9347000.0,522000.0
1125,0.0,9347000.0,522500.0
1126,0.0,9347000.0,523000.0
1127,0.0,9347000.0,523500.0
1128,1.279192303745782e-07,9346500.0,514000.0
1129,1.279192303745782e-07,9346500.0,514500.0
1130,1.279192303745782e-07,9346500.0,515000.0
1131,1.279192303745782e-07,9346500.0,515500.0
1132,1.279192303745782e-07,9346500.0,516000.0
1133,1.279192303745782e-07,9346500.0,516500.0
1134,2.194344315640318e-09,9346500.0,517000.0
1135,2.194344315640318e-09,9346500.0,517500.0
1136,2.194344315640318e-09,9346500.0,518000.0
1137,2.194344315640318e-09,9346500.0,518500.0
1138,7.62583450152443e-08,9346500.0,519000.0
1139,7.516117285742414e-08,9346500.0,519500.0
1140,0.0,9346500.0,520000.0
1141,0.0,9346500.0,522000.0
1142,0.0,9346500.0,522500.0
1143,0.0,9346500.0,523000.0
1144,0.0,9346500.0,523500.0
1145,1.279192303745782e-07,9346000.0,514000.0
1146,1.279192303745782e-07,9346000.0,514500.0
1147,1.279192303745782e-07,9346000.0,515000.0
1148,1.279192303745782e-07,9346000.0,515500.0
1149,1.279192303745782e-07,9346000.0,516000.0
1150,1.279192303745782e-07,9346000.0,516500.0
1151,2.194344315640318e-09,9346000.0,517000.0
1152,2.194344315640318e-09,9346000.0,517500.0
1153,2.194344315640318e-09,9346000.0,518000.0
1154,2.194344315640318e-09,9346000.0,518500.0
1155,2.194344315640318e-09,9346000.0,519000.0
1156,2.194344315640318e-09,9346000.0,519500.0
1157,0.0,9346000.0,520000.0
1158,0.0,9346000.0,522500.0
1159,1.279192303745782e-07,9345500.0,514000.0
1160,1.279192303745782e-07,9345500.0,514500.0
1161,2.854440149285107e-07,9345500.0,515000.0
1162,2.854440149285107e-07,9345500.0,515500.0
1163,2.854440149285107e-07,9345500.0,516000.0
1164,2.854440149285107e-07,9345500.0,516500.0
1165,1.5971912886957283e-07,9345500.0,517000.0
1166,1.5971912886957283e-07,9345500.0,517500.0
1167,1.5971912886957283e-07,9345500.0,518000.0
1168,1.5971912886957283e-07,9345500.0,518500.0
1169,2.194344315640318e-09,9345500.0,519000.0
1170,2.194344315640318e-09,9345500.0,519500.0
1171,0.0,9345500.0,520000.0
1172,0.0,9345500.0,522500.0
1173,1.279192303745782e-07,9345000.0,514000.0
1174,2.854440149285107e-07,9345000.0,514500.0
1175,2.854440149285107e-07,9345000.0,515000.0
1176,2.854440149285107e-07,9345000.0,515500.0
1177,2.854440149285107e-07,9345000.0,516000.0
1178,2.854440149285107e-07,9345000.0,516500.0
1179,1.5971912886957283e-07,9345000.0,517000.0
1180,1.5971912886957283e-07,9345000.0,517500.0
1181,1.5971912886957283e-07,9345000.0,518000.0
1182,1.5971912886957283e-07,9345000.0,518500.0
1183,1.203379327310897e-07,9345000.0,519000.0
1184,2.194344315640318e-09,9345000.0,519500.0
1185,0.0,9345000.0,520000.0
1186,0.0,9345000.0,520500.0
1187,0.0,9345000.0,522500.0
1188,2.0668162265154444e-07,9344500.0,514000.0
1189,2.854440149285107e-07,9344500.0,514500.0
1190,2.854440149285107e-07,9344500.0,515000.0
1191,2.854440149285107e-07,9344500.0,515500.0
1192,2.854440149285107e-07,9344500.0,516000.0
1193,2.854440149285107e-07,9344500.0,516500.0
1194,1.5971912886957283e-07,9344500.0,517000.0
1195,1.5971912886957283e-07,9344500.0,517500.0
1196,1.5971912886957283e-07,9344500.0,518000.0
1197,1.5971912886957283e-07,9344500.0,518500.0
1198,2.194344315640318e-09,9344500.0,519000.0
1199,2.194344315640318e-09,9344500.0,519500.0
1200,0.0,9344500.0,520000.0
1201,0.0,9344500.0,520500.0
1202,2.0668162265154444e-07,9344000.0,514000.0
1203,2.854440149285107e-07,9344000.0,514500.0
1204,2.854440149285107e-07,9344000.0,515000.0
1205,2.854440149285107e-07,9344000.0,515500.0
1206,2.854440149285107e-07,9344000.0,516000.0
1207,2.854440149285107e-07,9344000.0,516500.0
1208,1.5971912886957283e-07,9344000.0,517000.0
1209,1.5971912886957283e-07,9344000.0,517500.0
1210,1.5862195671175266e-07,9344000.0,518000.0
1211,1.5862195671175266e-07,9344000.0,518500.0
1212,5.485860789100795e-10,9344000.0,519000.0
1213,0.0,9344000.0,519500.0
1214,0.0,9344000.0,520000.0
1215,0.0,9344000.0,520500.0
1216,2.840187618422919e-07,9343500.0,514000.0
1217,2.840187618422919e-07,9343500.0,514500.0
1218,2.844033074570027e-07,9343500.0,515000.0
1219,2.8478785307171345e-07,9343500.0,515500.0
1220,2.8478785307171345e-07,9343500.0,516000.0
1221,2.219254100422445e-07,9343500.0,516500.0
1222,1.5906296701277555e-07,9343500.0,517000.0
1223,1.5906296701277555e-07,9343500.0,517500.0
1224,1.5906296701277555e-07,9343500.0,518000.0
1225,8.03005747358093e-08,9343500.0,518500.0
1226,1.5381824588430497e-09,9343500.0,519000.0
1227,1.5381824588430497e-09,9343500.0,519500.0
1228,0.0,9343500.0,520000.0
1229,2.0602546079474719e-07,9343000.0,514000.0
1230,2.8478785307171345e-07,9343000.0,514500.0
1231,2.8478785307171345e-07,9343000.0,515000.0
1232,2.8478785307171345e-07,9343000.0,515500.0
1233,2.8478785307171345e-07,9343000.0,516000.0
1234,2.219254100422445e-07,9343000.0,516500.0
1235,1.5906296701277555e-07,9343000.0,517000.0
1236,1.5906296701277555e-07,9343000.0,517500.0
1237,1.5906296701277555e-07,9343000.0,518000.0
1238,1.5381824588430497e-09,9343000.0,518500.0
1239,1.5381824588430497e-09,9343000.0,519000.0
1240,1.1536368441322872e-09,9343000.0,519500.0
1241,0.0,9343000.0,520000.0
1242,1.6664426465626405e-07,9342500.0,514000.0
1243,2.8478785307171345e-07,9342500.0,514500.0
1244,2.8478785307171345e-07,9342500.0,515000.0
1245,2.8478785307171345e-07,9342500.0,515500.0
1246,2.8478785307171345e-07,9342500.0,516000.0
1247,2.219254100422445e-07,9342500.0,516500.0
1248,1.5906296701277555e-07,9342500.0,517000.0
1249,1.5906296701277555e-07,9342500.0,517500.0
1250,1.5906296701277555e-07,9342500.0,518000.0
1251,8.03005747358093e-08,9342500.0,518500.0
1252,1.5381824588430497e-09,9342500.0,519000.0
1253,0.0,9342500.0,519500.0
1254,0.0,9342500.0,520000.0
1255,1.2726306851778092e-07,9342000.0,514000.0
1256,2.8478785307171345e-07,9342000.0,514500.0
1257,2.8478785307171345e-07,9342000.0,515000.0
1258,2.8478785307171345e-07,9342000.0,515500.0
1259,2.8478785307171345e-07,9342000.0,516000.0
1260,2.219254100422445e-07,9342000.0,516500.0
1261,1.5906296701277555e-07,9342000.0,517000.0
1262,1.5906296701277555e-07,9342000.0,517500.0
1263,1.5906296701277555e-07,9342000.0,518000.0
1264,1.5906296701277555e-07,9342000.0,518500.0
1265,1.5381824588430497e-09,9342000.0,519000.0
1266,0.0,9342000.0,519500.0
1267,0.0,9342000.0,520000.0
1268,1.2726306851778092e-07,9341500.0,514000.0
1269,2.8478785307171345e-07,9341500.0,514500.0
1270,2.8478785307171345e-07,9341500.0,515000.0
1271,2.8478785307171345e-07,9341500.0,515500.0
1272,2.8478785307171345e-07,9341500.0,516000.0
1273,2.219254100422445e-07,9341500.0,516500.0
1274,1.5906296701277555e-07,9341500.0,517000.0
1275,1.5906296701277555e-07,9341500.0,517500.0
1276,1.5906296701277555e-07,9341500.0,518000.0
1277,1.5906296701277555e-07,9341500.0,518500.0
1278,1.5381824588430497e-09,9341500.0,519000.0
1279,0.0,9341500.0,519500.0
1280,0.0,9341500.0,520000.0
1281,1.2726306851778092e-07,9341000.0,514000.0
1282,1.2726306851778092e-07,9341000.0,514500.0
1283,2.8478785307171345e-07,9341000.0,515000.0
1284,2.8478785307171345e-07,9341000.0,515500.0
1285,2.8478785307171345e-07,9341000.0,516000.0
1286,2.219254100422445e-07,9341000.0,516500.0
1287,1.5906296701277555e-07,9341000.0,517000.0
1288,1.5906296701277555e-07,9341000.0,517500.0
1289,1.5906296701277555e-07,9341000.0,518000.0
1290,4.091937859732617e-08,9341000.0,518500.0
1291,1.5381824588430497e-09,9341000.0,519000.0
1292,0.0,9341000.0,519500.0
1293,0.0,9341000.0,520000.0
1294,1.2726306851778092e-07,9340500.0,514000.0
1295,1.2726306851778092e-07,9340500.0,514500.0
1296,1.2726306851778092e-07,9340500.0,515000.0
1297,1.2726306851778092e-07,9340500.0,515500.0
1298,1.2726306851778092e-07,9340500.0,516000.0
1299,6.440062548831199e-08,9340500.0,516500.0
1300,1.5381824588430497e-09,9340500.0,517000.0
1301,1.5381824588430497e-09,9340500.0,517500.0
1302,1.5381824588430497e-09,9340500.0,518000.0
1303,1.5381824588430497e-09,9340500.0,518500.0
1304,1.5381824588430497e-09,9340500.0,519000.0
1305,0.0,9340500.0,519500.0
1306,0.0,9340500.0,520000.0
1307,1.2726306851778092e-07,9340000.0,514000.0
1308,1.2726306851778092e-07,9340000.0,514500.0
1309,1.2726306851778092e-07,9340000.0,515000.0
1310,1.2726306851778092e-07,9340000.0,515500.0
1311,1.2726306851778092e-07,9340000.0,516000.0
1312,6.440062548831199e-08,9340000.0,516500.0
1313,1.5381824588430497e-09,9340000.0,517000.0
1314,1.5381824588430497e-09,9340000.0,517500.0
1315,1.5381824588430497e-09,9340000.0,518000.0
1316,1.5381824588430497e-09,9340000.0,518500.0
1317,1.5381824588430497e-09,9340000.0,519000.0
1318,0.0,9340000.0,519500.0
1319,0.0,9340000.0,520000.0
1320,1.2726306851778092e-07,9339500.0,514000.0
1321,1.2726306851778092e-07,9339500.0,514500.0
1322,1.2726306851778092e-07,9339500.0,515000.0
1323,1.2726306851778092e-07,9339500.0,515500.0
1324,1.2726306851778092e-07,9339500.0,516000.0
1325,6.440062548831199e-08,9339500.0,516500.0
1326,1.5381824588430497e-09,9339500.0,517000.0
1327,1.5381824588430497e-09,9339500.0,517500.0
1328,1.5381824588430497e-09,9339500.0,518000.0
1329,1.5381824588430497e-09,9339500.0,518500.0
1330,1.5381824588430497e-09,9339500.0,519000.0
1331,0.0,9339500.0,519500.0
1332,0.0,9339500.0,520000.0
1333,1.5381824588430497e-09,9339000.0,514000.0
1334,1.2726306851778092e-07,9339000.0,514500.0
1335,1.2726306851778092e-07,9339000.0,515000.0
1336,1.2726306851778092e-07,9339000.0,515500.0
1337,1.2726306851778092e-07,9339000.0,516000.0
1338,6.440062548831199e-08,9339000.0,516500.0
1339,1.5381824588430497e-09,9339000.0,517000.0
1340,1.5381824588430497e-09,9339000.0,517500.0
1341,1.5381824588430497e-09,9339000.0,518000.0
1342,1.5381824588430497e-09,9339000.0,518500.0
1343,1.5381824588430497e-09,9339000.0,519000.0
1344,0.0,9339000.0,519500.0
1345,0.0,9339000.0,520000.0
1346,1.5381824588430497e-09,9338500.0,514000.0
1347,1.5381824588430497e-09,9338500.0,514500.0
1348,1.5381824588430497e-09,9338500.0,515000.0
1349,1.5381824588430497e-09,9338500.0,515500.0
1350,6.263559693654167e-08,9338500.0,516000.0
1351,6.263559693654168e-08,9338500.0,516500.0
1352,6.263559693654168e-08,9338500.0,517000.0
1353,1.5381824588430497e-09,9338500.0,517500.0
1354,1.5381824588430497e-09,9338500.0,518000.0
1355,1.5381824588430497e-09,9338500.0,518500.0
1356,1.5381824588430497e-09,9338500.0,519000.0
1357,0.0,9338500.0,519500.0
1358,0.0,9338500.0,520000.0
1359,1.5381824588430497e-09,9338000.0,514000.0
1360,1.5381824588430497e-09,9338000.0,514500.0
1361,1.5381824588430497e-09,9338000.0,515000.0
1362,1.5381824588430497e-09,9338000.0,515500.0
1363,6.263559693654167e-08,9338000.0,516000.0
1364,1.237330114142403e-07,9338000.0,516500.0
1365,1.237330114142403e-07,9338000.0,517000.0
1366,1.237330114142403e-07,9338000.0,517500.0
1367,1.237330114142403e-07,9338000.0,518000.0
1368,1.5381824588430497e-09,9338000.0,518500.0
1369,1.5381824588430497e-09,9338000.0,519000.0
1370,0.0,9338000.0,519500.0
1371,0.0,9338000.0,520000.0
1372,1.5381824588430497e-09,9337500.0,514000.0
1373,1.5381824588430497e-09,9337500.0,514500.0
1374,1.5381824588430497e-09,9337500.0,515000.0
1375,1.5381824588430497e-09,9337500.0,515500.0
1376,6.263559693654167e-08,9337500.0,516000.0
1377,1.237330114142403e-07,9337500.0,516500.0
1378,1.237330114142403e-07,9337500.0,517000.0
1379,1.237330114142403e-07,9337500.0,517500.0
1380,1.237330114142403e-07,9337500.0,518000.0
1381,1.5381824588430497e-09,9337500.0,518500.0
1382,1.5381824588430497e-09,9337500.0,519000.0
1383,7.690912294215249e-10,9337500.0,519500.0
1384,0.0,9337500.0,520000.0
1385,1.5381824588430497e-09,9337000.0,514000.0
1386,1.5381824588430497e-09,9337000.0,514500.0
1387,1.5381824588430497e-09,9337000.0,515000.0
1388,1.5381824588430497e-09,9337000.0,515500.0
1389,6.263559693654167e-08,9337000.0,516000.0
1390,1.237330114142403e-07,9337000.0,516500.0
1391,1.237330114142403e-07,9337000.0,517000.0
1392,1.237330114142403e-07,9337000.0,517500.0
1393,1.237330114142403e-07,9337000.0,518000.0
1394,1.5381824588430497e-09,9337000.0,518500.0
1395,1.5381824588430497e-09,9337000.0,519000.0
1396,1.5381824588430497e-09,9337000.0,519500.0
1397,0.0,9337000.0,520000.0
1398,0.0,9337000.0,520500.0
1399,1.5381824588430497e-09,9336500.0,514000.0
1400,1.5381824588430497e-09,9336500.0,514500.0
1401,1.5381824588430497e-09,9336500.0,515000.0
1402,1.5381824588430497e-09,9336500.0,515500.0
1403,1.5381824588430497e-09,9336500.0,516000.0
1404,1.237330114142403e-07,9336500.0,516500.0
1405,1.237330114142403e-07,9336500.0,517000.0
1406,1.237330114142403e-07,9336500.0,517500.0
1407,1.237330114142403e-07,9336500.0,518000.0
1408,1.5381824588430497e-09,9336500.0,518500.0
1409,1.5381824588430497e-09,9336500.0,519000.0
1410,1.5381824588430497e-09,9336500.0,519500.0
1411,0.0,9336500.0,520000.0
1412,0.0,9336500.0,520500.0
1413,1.5381824588430497e-09,9336000.0,514000.0
1414,1.5381824588430497e-09,9336000.0,514500.0
1415,1.5381824588430497e-09,9336000.0,515000.0
1416,1.5381824588430497e-09,9336000.0,515500.0
1417,1.5381824588430497e-09,9336000.0,516000.0
1418,1.237330114142403e-07,9336000.0,516500.0
1419,1.237330114142403e-07,9336000.0,517000.0
1420,1.237330114142403e-07,9336000.0,517500.0
1421,1.237330114142403e-07,9336000.0,518000.0
1422,1.5381824588430497e-09,9336000.0,518500.0
1423,1.5381824588430497e-09,9336000.0,519000.0
1424,1.5381824588430497e-09,9336000.0,519500.0
1425,1.1536368441322872e-09,9336000.0,520000.0
1426,0.0,9336000.0,520500.0
1427,0.0,9336000.0,521000.0
1428,1.5381824588430497e-09,9335500.0,514000.0
1429,1.5381824588430497e-09,9335500.0,514500.0
1430,1.5381824588430497e-09,9335500.0,515000.0
1431,1.5381824588430497e-09,9335500.0,515500.0
1432,1.237330114142403e-07,9335500.0,516000.0
1433,1.237330114142403e-07,9335500.0,516500.0
1434,1.237330114142403e-07,9335500.0,517000.0
1435,1.237330114142403e-07,9335500.0,517500.0
1436,1.237330114142403e-07,9335500.0,518000.0
1437,1.5381824588430497e-09,9335500.0,518500.0
1438,1.5381824588430497e-09,9335500.0,519000.0
1439,1.5381824588430497e-09,9335500.0,519500.0
1440,1.5381824588430497e-09,9335500.0,520000.0
1441,0.0,9335500.0,520500.0
1442,0.0,9335500.0,521000.0
1443,1.5381824588430497e-09,9335000.0,514000.0
1444,1.5381824588430497e-09,9335000.0,514500.0
1445,1.5381824588430497e-09,9335000.0,515000.0
1446,1.237330114142403e-07,9335000.0,515500.0
1447,1.237330114142403e-07,9335000.0,516000.0
1448,1.237330114142403e-07,9335000.0,516500.0
1449,1.237330114142403e-07,9335000.0,517000.0
1450,1.237330114142403e-07,9335000.0,517500.0
1451,1.237330114142403e-07,9335000.0,518000.0
1452,1.5381824588430497e-09,9335000.0,518500.0
1453,1.5381824588430497e-09,9335000.0,519000.0
1454,1.5381824588430497e-09,9335000.0,519500.0
1455,1.5381824588430497e-09,9335000.0,520000.0
1456,1.1536368441322872e-09,9335000.0,520500.0
1457,0.0,9335000.0,521000.0
1458,1.5381824588430497e-09,9334500.0,514000.0
1459,9.3184304175391e-08,9334500.0,514500.0
1460,1.237330114142403e-07,9334500.0,515000.0
1461,1.237330114142403e-07,9334500.0,515500.0
1462,1.237330114142403e-07,9334500.0,516000.0
1463,1.237330114142403e-07,9334500.0,516500.0
1464,1.237330114142403e-07,9334500.0,517000.0
1465,1.237330114142403e-07,9334500.0,517500.0
1466,1.237330114142403e-07,9334500.0,518000.0
1467,1.5381824588430497e-09,9334500.0,518500.0
1468,1.5381824588430497e-09,9334500.0,519000.0
1469,1.5381824588430497e-09,9334500.0,519500.0
1470,1.5381824588430497e-09,9334500.0,520000.0
1471,1.5381824588430497e-09,9334500.0,520500.0
1472,0.0,9334500.0,521000.0
1473,0.0,9334500.0,521500.0
1474,6.263559693654167e-08,9334000.0,514000.0
1475,1.237330114142403e-07,9334000.0,514500.0
1476,1.237330114142403e-07,9334000.0,515000.0
1477,1.237330114142403e-07,9334000.0,515500.0
1478,1.237330114142403e-07,9334000.0,516000.0
1479,1.237330114142403e-07,9334000.0,516500.0
1480,1.237330114142403e-07,9334000.0,517000.0
1481,1.237330114142403e-07,9334000.0,517500.0
1482,1.237330114142403e-07,9334000.0,518000.0
1483,1.5381824588430497e-09,9334000.0,518500.0
1484,1.5381824588430497e-09,9334000.0,519000.0
1485,1.5381824588430497e-09,9334000.0,519500.0
1486,1.5381824588430497e-09,9334000.0,520000.0
1487,1.5381824588430497e-09,9334000.0,520500.0
1488,0.0,9334000.0,521000.0
1489,0.0,9334000.0,521500.0
