,Depth,geometry,Row Labels,Seagrass,HC,Rubble,Sand,Turf,AL_fleshy,Soft coral,ShellHash,Sponge,EURR,No Data,Rock,Dead Coral,Other,CCA,Halimeda,Number of
0,48.0,POINT (518000.0001519129 9364999.999591924),0,0.0,0.0,0.0,1.0,0.0,0.0,0.0,0.0,0.0,0.0,0.0,0.0,0.0,0.0,0.0,0.0,0.0
1,60.0,POINT (519000.0001517351 9364999.99959249),0,0.0,0.0,0.0,1.0,0.0,0.0,0.0,0.0,0.0,0.0,0.0,0.0,0.0,0.0,0.0,0.0,0.0
2,63.0,POINT (520000.000151555 9364999.999593057),0,0.0,0.0,0.0,1.0,0.0,0.0,0.0,0.0,0.0,0.0,0.0,0.0,0.0,0.0,0.0,0.0,0.0
3,63.0,POINT (521000.0001513777 9364999.999593623),0,0.0,0.0,0.0,1.0,0.0,0.0,0.0,0.0,0.0,0.0,0.0,0.0,0.0,0.0,0.0,0.0,0.0
4,67.0,POINT (522000.0001511996 9364999.999594189),0,0.0,0.0,0.0,1.0,0.0,0.0,0.0,0.0,0.0,0.0,0.0,0.0,0.0,0.0,0.0,0.0,0.0
5,51.0,POINT (523000.0001510201 9364999.999594755),0,0.0,0.0,0.0,1.0,0.0,0.0,0.0,0.0,0.0,0.0,0.0,0.0,0.0,0.0,0.0,0.0,0.0
6,45.0,POINT (518000.0001513468 9363999.999593591),0,0.0,0.0,0.0,1.0,0.0,0.0,0.0,0.0,0.0,0.0,0.0,0.0,0.0,0.0,0.0,0.0,0.0
7,62.0,POINT (519000.0001511683 9363999.999594158),0,0.0,0.0,0.0,1.0,0.0,0.0,0.0,0.0,0.0,0.0,0.0,0.0,0.0,0.0,0.0,0.0,0.0
8,66.0,POINT (520000.0001509912 9363999.999594724),0,0.0,0.0,0.0,1.0,0.0,0.0,0.0,0.0,0.0,0.0,0.0,0.0,0.0,0.0,0.0,0.0,0.0
9,63.0,POINT (521000.0001508125 9363999.99959529),0,0.0,0.0,0.0,1.0,0.0,0.0,0.0,0.0,0.0,0.0,0.0,0.0,0.0,0.0,0.0,0.0,0.0
10,65.0,POINT (522000.0001506315 9363999.999595856),0,0.0,0.0,0.0,1.0,0.0,0.0,0.0,0.0,0.0,0.0,0.0,0.0,0.0,0.0,0.0,0.0,0.0
11,48.0,POINT (523000.0001504528 9363999.999596423),0,0.0,0.0,0.0,1.0,0.0,0.0,0.0,0.0,0.0,0.0,0.0,0.0,0.0,0.0,0.0,0.0,0.0
12,43.0,POINT (518000.0001507815 9362999.999595258),0,0.0,0.0,0.0,1.0,0.0,0.0,0.0,0.0,0.0,0.0,0.0,0.0,0.0,0.0,0.0,0.0,0.0
13,60.0,POINT (519000.0001506037 9362999.999595825),0,0.0,0.0,0.0,1.0,0.0,0.0,0.0,0.0,0.0,0.0,0.0,0.0,0.0,0.0,0.0,0.0,0.0
14,66.0,POINT (520000.0001504233 9362999.999596389),0,0.0,0.0,0.0,1.0,0.0,0.0,0.0,0.0,0.0,0.0,0.0,0.0,0.0,0.0,0.0,0.0,0.0
15,65.0,POINT (521000.000150244 9362999.999596955),0,0.0,0.0,0.0,1.0,0.0,0.0,0.0,0.0,0.0,0.0,0.0,0.0,0.0,0.0,0.0,0.0,0.0
16,66.0,POINT (522000.0001500652 9362999.999597521),0,0.0,0.0,0.0,1.0,0.0,0.0,0.0,0.0,0.0,0.0,0.0,0.0,0.0,0.0,0.0,0.0,0.0
17,53.0,POINT (523000.0001498863 9362999.999598088),0,0.0,0.0,0.0,1.0,0.0,0.0,0.0,0.0,0.0,0.0,0.0,0.0,0.0,0.0,0.0,0.0,0.0
18,41.0,POINT (518000.0001502152 9361999.999596922),0,0.0,0.0,0.0,1.0,0.0,0.0,0.0,0.0,0.0,0.0,0.0,0.0,0.0,0.0,0.0,0.0,0.0
19,57.0,POINT (519000.0001500363 9361999.999597488),0,0.0,0.0,0.0,1.0,0.0,0.0,0.0,0.0,0.0,0.0,0.0,0.0,0.0,0.0,0.0,0.0,0.0
20,62.0,POINT (520000.0001498583 9361999.999598052),0,0.0,0.0,0.0,1.0,0.0,0.0,0.0,0.0,0.0,0.0,0.0,0.0,0.0,0.0,0.0,0.0,0.0
21,64.0,POINT (521000.0001496781 9361999.999598619),0,0.0,0.0,0.0,1.0,0.0,0.0,0.0,0.0,0.0,0.0,0.0,0.0,0.0,0.0,0.0,0.0,0.0
22,65.0,POINT (522000.0001494996 9361999.999599185),0,0.0,0.0,0.0,1.0,0.0,0.0,0.0,0.0,0.0,0.0,0.0,0.0,0.0,0.0,0.0,0.0,0.0
23,50.0,POINT (523000.0001493202 9361999.999599751),0,0.0,0.0,0.0,1.0,0.0,0.0,0.0,0.0,0.0,0.0,0.0,0.0,0.0,0.0,0.0,0.0,0.0
24,49.0,POINT (518000.0001496492 9360999.999598585),0,0.0,0.0,0.0,1.0,0.0,0.0,0.0,0.0,0.0,0.0,0.0,0.0,0.0,0.0,0.0,0.0,0.0
25,58.0,POINT (519000.0001494707 9360999.999599149),0,0.0,0.0,0.0,1.0,0.0,0.0,0.0,0.0,0.0,0.0,0.0,0.0,0.0,0.0,0.0,0.0,0.0
26,51.0,POINT (520000.0001492928 9360999.999599716),0,0.0,0.0,0.0,1.0,0.0,0.0,0.0,0.0,0.0,0.0,0.0,0.0,0.0,0.0,0.0,0.0,0.0
27,63.0,POINT (521000.000149112 9360999.99960028),0,0.0,0.0,0.0,1.0,0.0,0.0,0.0,0.0,0.0,0.0,0.0,0.0,0.0,0.0,0.0,0.0,0.0
28,60.0,POINT (522000.0001489329 9360999.999600846),0,0.0,0.0,0.0,1.0,0.0,0.0,0.0,0.0,0.0,0.0,0.0,0.0,0.0,0.0,0.0,0.0,0.0
29,37.0,POINT (523000.0001487534 9360999.999601413),0,0.0,0.0,0.0,1.0,0.0,0.0,0.0,0.0,0.0,0.0,0.0,0.0,0.0,0.0,0.0,0.0,0.0
30,30.0,POINT (518000.0001490837 9359999.999600247),0,0.0,0.0,0.0,1.0,0.0,0.0,0.0,0.0,0.0,0.0,0.0,0.0,0.0,0.0,0.0,0.0,0.0
31,21.0,POINT (519000.0001489046 9359999.999600811),0,0.0,0.0,0.0,1.0,0.0,0.0,0.0,0.0,0.0,0.0,0.0,0.0,0.0,0.0,0.0,0.0,0.0
32,39.0,POINT (520000.0001487258 9359999.999601375),0,0.0,0.0,0.0,1.0,0.0,0.0,0.0,0.0,0.0,0.0,0.0,0.0,0.0,0.0,0.0,0.0,0.0
33,58.0,POINT (521000.0001485464 9359999.999601942),0,0.0,0.0,0.0,1.0,0.0,0.0,0.0,0.0,0.0,0.0,0.0,0.0,0.0,0.0,0.0,0.0,0.0
34,54.0,POINT (522000.0001483673 9359999.999602506),0,0.0,0.0,0.0,1.0,0.0,0.0,0.0,0.0,0.0,0.0,0.0,0.0,0.0,0.0,0.0,0.0,0.0
35,30.0,POINT (523000.0001481877 9359999.999603072),0,0.0,0.0,0.0,1.0,0.0,0.0,0.0,0.0,0.0,0.0,0.0,0.0,0.0,0.0,0.0,0.0,0.0
36,16.0,POINT (518000.0001485189 9358999.999601904),0,0.0,0.0,0.0,1.0,0.0,0.0,0.0,0.0,0.0,0.0,0.0,0.0,0.0,0.0,0.0,0.0,0.0
37,43.0,POINT (520000.0001481613 9358999.999603035),0,0.0,0.0,0.0,1.0,0.0,0.0,0.0,0.0,0.0,0.0,0.0,0.0,0.0,0.0,0.0,0.0,0.0
38,53.0,POINT (521000.0001479805 9358999.999603599),0,0.0,0.0,0.0,1.0,0.0,0.0,0.0,0.0,0.0,0.0,0.0,0.0,0.0,0.0,0.0,0.0,0.0
39,49.0,POINT (522000.0001478 9358999.999604166),0,0.0,0.0,0.0,1.0,0.0,0.0,0.0,0.0,0.0,0.0,0.0,0.0,0.0,0.0,0.0,0.0,0.0
40,28.0,POINT (518000.000147953 9357999.999603562),0,0.0,0.0,0.0,1.0,0.0,0.0,0.0,0.0,0.0,0.0,0.0,0.0,0.0,0.0,0.0,0.0,0.0
41,48.0,POINT (519000.0001477732 9357999.999604128),0,0.0,0.0,0.0,1.0,0.0,0.0,0.0,0.0,0.0,0.0,0.0,0.0,0.0,0.0,0.0,0.0,0.0
42,51.0,POINT (520000.0001475943 9357999.999604693),0,0.0,0.0,0.0,1.0,0.0,0.0,0.0,0.0,0.0,0.0,0.0,0.0,0.0,0.0,0.0,0.0,0.0
43,53.0,POINT (521000.0001474149 9357999.999605257),0,0.0,0.0,0.0,1.0,0.0,0.0,0.0,0.0,0.0,0.0,0.0,0.0,0.0,0.0,0.0,0.0,0.0
44,48.0,POINT (522000.0001472346 9357999.999605821),0,0.0,0.0,0.0,1.0,0.0,0.0,0.0,0.0,0.0,0.0,0.0,0.0,0.0,0.0,0.0,0.0,0.0
45,58.0,POINT (518000.0001473889 9356999.999605218),0,0.0,0.0,0.0,1.0,0.0,0.0,0.0,0.0,0.0,0.0,0.0,0.0,0.0,0.0,0.0,0.0,0.0
46,60.0,POINT (519000.0001472084 9356999.999605782),0,0.0,0.0,0.0,1.0,0.0,0.0,0.0,0.0,0.0,0.0,0.0,0.0,0.0,0.0,0.0,0.0,0.0
47,53.0,POINT (520000.0001470287 9356999.999606349),0,0.0,0.0,0.0,1.0,0.0,0.0,0.0,0.0,0.0,0.0,0.0,0.0,0.0,0.0,0.0,0.0,0.0
48,44.0,POINT (517000.0001470037 9355999.999606309),0,0.0,0.0,0.0,1.0,0.0,0.0,0.0,0.0,0.0,0.0,0.0,0.0,0.0,0.0,0.0,0.0,0.0
49,47.0,POINT (518000.0001468231 9355999.999606874),0,0.0,0.0,0.0,1.0,0.0,0.0,0.0,0.0,0.0,0.0,0.0,0.0,0.0,0.0,0.0,0.0,0.0
50,50.0,POINT (519000.0001466457 9355999.999607438),0,0.0,0.0,0.0,1.0,0.0,0.0,0.0,0.0,0.0,0.0,0.0,0.0,0.0,0.0,0.0,0.0,0.0
51,46.0,POINT (520000.0001464639 9355999.999608003),0,0.0,0.0,0.0,1.0,0.0,0.0,0.0,0.0,0.0,0.0,0.0,0.0,0.0,0.0,0.0,0.0,0.0
52,28.0,POINT (518000.0001462593 9354999.999608526),0,0.0,0.0,0.0,1.0,0.0,0.0,0.0,0.0,0.0,0.0,0.0,0.0,0.0,0.0,0.0,0.0,0.0
53,58.0,POINT (514000.0001435967 9348999.999616157),0,0.0,0.0,0.0,1.0,0.0,0.0,0.0,0.0,0.0,0.0,0.0,0.0,0.0,0.0,0.0,0.0,0.0
54,44.0,POINT (515000.0001434165 9348999.99961672),0,0.0,0.0,0.0,1.0,0.0,0.0,0.0,0.0,0.0,0.0,0.0,0.0,0.0,0.0,0.0,0.0,0.0
55,54.0,POINT (514000.0001430348 9347999.9996178),0,0.0,0.0,0.0,1.0,0.0,0.0,0.0,0.0,0.0,0.0,0.0,0.0,0.0,0.0,0.0,0.0,0.0
56,37.0,POINT (515000.0001428539 9347999.999618363),0,0.0,0.0,0.0,1.0,0.0,0.0,0.0,0.0,0.0,0.0,0.0,0.0,0.0,0.0,0.0,0.0,0.0
57,51.0,POINT (514000.0001424723 9346999.999619441),0,0.0,0.0,0.0,1.0,0.0,0.0,0.0,0.0,0.0,0.0,0.0,0.0,0.0,0.0,0.0,0.0,0.0
58,49.0,POINT (514000.0001419091 9345999.99962108),0,0.0,0.0,0.0,1.0,0.0,0.0,0.0,0.0,0.0,0.0,0.0,0.0,0.0,0.0,0.0,0.0,0.0
59,45.0,POINT (515000.0001417305 9345999.999621641),0,0.0,0.0,0.0,1.0,0.0,0.0,0.0,0.0,0.0,0.0,0.0,0.0,0.0,0.0,0.0,0.0,0.0
60,42.0,POINT (516000.000141549 9345999.999622203),0,0.0,0.0,0.0,1.0,0.0,0.0,0.0,0.0,0.0,0.0,0.0,0.0,0.0,0.0,0.0,0.0,0.0
61,47.0,POINT (514000.0001413471 9344999.999622717),0,0.0,0.0,0.0,1.0,0.0,0.0,0.0,0.0,0.0,0.0,0.0,0.0,0.0,0.0,0.0,0.0,0.0
62,47.0,POINT (515000.0001411681 9344999.999623278),0,0.0,0.0,0.0,1.0,0.0,0.0,0.0,0.0,0.0,0.0,0.0,0.0,0.0,0.0,0.0,0.0,0.0
63,46.0,POINT (516000.0001409857 9344999.999623841),0,0.0,0.0,0.0,1.0,0.0,0.0,0.0,0.0,0.0,0.0,0.0,0.0,0.0,0.0,0.0,0.0,0.0
64,46.0,POINT (514000.0001407859 9343999.999624353),0,0.0,0.0,0.0,1.0,0.0,0.0,0.0,0.0,0.0,0.0,0.0,0.0,0.0,0.0,0.0,0.0,0.0
65,46.0,POINT (515000.0001406057 9343999.999624914),0,0.0,0.0,0.0,1.0,0.0,0.0,0.0,0.0,0.0,0.0,0.0,0.0,0.0,0.0,0.0,0.0,0.0
66,44.0,POINT (516000.0001404236 9343999.999625476),0,0.0,0.0,0.0,1.0,0.0,0.0,0.0,0.0,0.0,0.0,0.0,0.0,0.0,0.0,0.0,0.0,0.0
67,43.0,POINT (514000.0001402239 9342999.999625986),0,0.0,0.0,0.0,1.0,0.0,0.0,0.0,0.0,0.0,0.0,0.0,0.0,0.0,0.0,0.0,0.0,0.0
68,43.0,POINT (515000.0001400437 9342999.999626547),0,0.0,0.0,0.0,1.0,0.0,0.0,0.0,0.0,0.0,0.0,0.0,0.0,0.0,0.0,0.0,0.0,0.0
0,31.0,POINT (518077.9413117081 9353994.784404034),11,0.0,0.0,0.226666667,0.653333333,0.0,0.093333333,0.0,0.026666667,0.0,0.0,0.0,0.0,0.0,0.0,0.0,0.0,0.0
1,32.33333333,POINT (518060.6377725834 9352992.874949113),12,0.0,0.0,0.013333333,0.6,0.28,0.053333333,0.0,0.0,0.053333333,0.0,0.0,0.0,0.0,0.0,0.0,0.0,0.0
2,27.5,POINT (518028.3474940098 9351969.487499198),13,0.0,0.0,0.013333333,0.853333333,0.08,0.013333333,0.0,0.026666667,0.013333333,0.0,0.0,0.0,0.0,0.0,0.0,0.0,0.0
3,29.0,POINT (518033.8866497267 9350972.729278162),14,0.0,0.0,0.013333333,0.813333333,0.106666667,0.066666667,0.0,0.0,0.0,0.0,0.0,0.0,0.0,0.0,0.0,0.0,0.0
4,31.0,POINT (518025.4034775295 9349975.237847367),15,0.0,0.0,0.0,0.84,0.16,0.0,0.0,0.0,0.0,0.0,0.0,0.0,0.0,0.0,0.0,0.0,0.0
5,33.33333333,POINT (518008.5442397335 9348978.15390661),16,0.0,0.0,0.0,0.68,0.32,0.0,0.0,0.0,0.0,0.0,0.0,0.0,0.0,0.0,0.0,0.0,0.0
6,28.0,POINT (517957.7404020383 9347978.758204104),17,0.0,0.0,0.053333333,0.906666667,0.04,0.0,0.0,0.0,0.0,0.0,0.0,0.0,0.0,0.0,0.0,0.0,0.0
7,24.0,POINT (517961.0534717787 9346943.456971526),18,0.0,0.0,0.0,0.986666667,0.013333333,0.0,0.0,0.0,0.0,0.0,0.0,0.0,0.0,0.0,0.0,0.0,0.0
8,24.25,POINT (518002.9706742492 9345952.563623218),19,0.0,0.0,0.02,0.96,0.0,0.0,0.0,0.02,0.0,0.0,0.0,0.0,0.0,0.0,0.0,0.0,0.0
9,41.5,POINT (518007.8066006459 9344960.501669044),20,0.0,0.0,0.0,1.0,0.0,0.0,0.0,0.0,0.0,0.0,0.0,0.0,0.0,0.0,0.0,0.0,0.0
10,48.0,POINT (518038.3010079473 9344027.111253474),21,0.0,0.0,0.0,1.0,0.0,0.0,0.0,0.0,0.0,0.0,0.0,0.0,0.0,0.0,0.0,0.0,0.0
11,45.83333333,POINT (517984.6112673297 9342995.362932423),22,0.0,0.0,0.0,1.0,0.0,0.0,0.0,0.0,0.0,0.0,0.0,0.0,0.0,0.0,0.0,0.0,0.0
12,47.0,POINT (517987.0600289865 9342041.898316171),23,0.0,0.0,0.0,1.0,0.0,0.0,0.0,0.0,0.0,0.0,0.0,0.0,0.0,0.0,0.0,0.0,0.0
13,45.0,POINT (517989.577246962 9340951.287284924),24,0.0,0.0,0.0,1.0,0.0,0.0,0.0,0.0,0.0,0.0,0.0,0.0,0.0,0.0,0.0,0.0,0.0
14,44.33333333,POINT (518043.0022589053 9339973.119222965),25,0.0,0.0,0.0,1.0,0.0,0.0,0.0,0.0,0.0,0.0,0.0,0.0,0.0,0.0,0.0,0.0,0.0
15,42.33333333,POINT (518018.1043472227 9338996.374234064),26,0.0,0.0,0.0,1.0,0.0,0.0,0.0,0.0,0.0,0.0,0.0,0.0,0.0,0.0,0.0,0.0,0.0
16,41.16666667,POINT (518033.2893013884 9337958.708117738),27,0.0,0.0,0.0,1.0,0.0,0.0,0.0,0.0,0.0,0.0,0.0,0.0,0.0,0.0,0.0,0.0,0.0
17,39.5,POINT (518007.363458 9336993.459215181),28,0.0,0.0,0.0,1.0,0.0,0.0,0.0,0.0,0.0,0.0,0.0,0.0,0.0,0.0,0.0,0.0,0.0
18,43.0,POINT (518036.6848290999 9335988.729831986),29,0.0,0.0,0.0,1.0,0.0,0.0,0.0,0.0,0.0,0.0,0.0,0.0,0.0,0.0,0.0,0.0,0.0
19,41.66666667,POINT (517985.5860822573 9334976.544074038),30,0.0,0.0,0.0,1.0,0.0,0.0,0.0,0.0,0.0,0.0,0.0,0.0,0.0,0.0,0.0,0.0,0.0
20,35.0,POINT (517972.543026994 9334039.773559693),31,0.0,0.0,0.0,1.0,0.0,0.0,0.0,0.0,0.0,0.0,0.0,0.0,0.0,0.0,0.0,0.0,0.0
21,33.0,POINT (518947.8124062808 9333995.957030907),32,0.0,0.0,0.0,1.0,0.0,0.0,0.0,0.0,0.0,0.0,0.0,0.0,0.0,0.0,0.0,0.0,0.0
22,35.16666667,POINT (518978.7770241839 9334980.587065723),33,0.0,0.0,0.0,1.0,0.0,0.0,0.0,0.0,0.0,0.0,0.0,0.0,0.0,0.0,0.0,0.0,0.0
23,36.33333333,POINT (519013.4729424383 9335979.733606102),34,0.0,0.0,0.0,1.0,0.0,0.0,0.0,0.0,0.0,0.0,0.0,0.0,0.0,0.0,0.0,0.0,0.0
24,38.83333333,POINT (518988.0451455401 9337000.565093873),35,0.0,0.0,0.0,1.0,0.0,0.0,0.0,0.0,0.0,0.0,0.0,0.0,0.0,0.0,0.0,0.0,0.0
25,37.33333333,POINT (518994.7414042388 9337999.314430205),36,0.0,0.0,0.0,1.0,0.0,0.0,0.0,0.0,0.0,0.0,0.0,0.0,0.0,0.0,0.0,0.0,0.0
26,39.5,POINT (518985.1243056732 9338977.323385444),37,0.0,0.0,0.0,1.0,0.0,0.0,0.0,0.0,0.0,0.0,0.0,0.0,0.0,0.0,0.0,0.0,0.0
27,40.0,POINT (518984.6689224733 9341058.542126555),39,0.0,0.0,0.0,1.0,0.0,0.0,0.0,0.0,0.0,0.0,0.0,0.0,0.0,0.0,0.0,0.0,0.0
28,38.33333333,POINT (519030.7041821337 9342099.099748449),40,0.0,0.0,0.0,1.0,0.0,0.0,0.0,0.0,0.0,0.0,0.0,0.0,0.0,0.0,0.0,0.0,0.0
29,35.16666667,POINT (519043.3543124644 9343028.461804848),41,0.0,0.0,0.0,1.0,0.0,0.0,0.0,0.0,0.0,0.0,0.0,0.0,0.0,0.0,0.0,0.0,0.0
30,24.96666667,POINT (519003.4553428941 9344041.630997891),42,0.0,0.0,0.013333333,0.893333333,0.093333333,0.0,0.0,0.0,0.0,0.0,0.0,0.0,0.0,0.0,0.0,0.0,0.0
31,21.5,POINT (519023.4968051201 9345012.480412418),43,0.0,0.0,0.0,0.88,0.12,0.0,0.0,0.0,0.0,0.0,0.0,0.0,0.0,0.0,0.0,0.0,0.0
32,21.66666667,POINT (519029.9683235548 9346011.706165938),44,0.0,0.0,0.013333333,0.826666667,0.013333333,0.0,0.0,0.08,0.0,0.0,0.066666667,0.0,0.0,0.0,0.0,0.0,0.0
33,22.16666667,POINT (519032.2419088561 9347034.662647981),45,0.0,0.0,0.0,0.666666667,0.093333333,0.013333333,0.0,0.226666667,0.0,0.0,0.0,0.0,0.0,0.0,0.0,0.0,0.0
34,29.83333333,POINT (519009.6771448311 9348038.834320851),46,0.0,0.0,0.0,0.773333333,0.106666667,0.0,0.0,0.0,0.12,0.0,0.0,0.0,0.0,0.0,0.0,0.0,0.0
35,37.16666667,POINT (519013.3129349272 9349057.404927097),47,0.0,0.0,0.0,0.373333333,0.626666667,0.0,0.0,0.0,0.0,0.0,0.0,0.0,0.0,0.0,0.0,0.0,0.0
36,43.0,POINT (519024.7538943424 9350020.480572173),48,0.0,0.0,0.0,0.253333333,0.746666667,0.0,0.0,0.0,0.0,0.0,0.0,0.0,0.0,0.0,0.0,0.0,0.0
37,43.83333333,POINT (519021.4510275556 9351036.473275151),49,0.0,0.0,0.0,0.04,0.96,0.0,0.0,0.0,0.0,0.0,0.0,0.0,0.0,0.0,0.0,0.0,0.0
38,47.5,POINT (519037.0351355219 9352036.136419374),50,0.0,0.0,0.0,0.173333333,0.826666667,0.0,0.0,0.0,0.0,0.0,0.0,0.0,0.0,0.0,0.0,0.0,0.0
39,48.33333333,POINT (519020.1834291948 9353031.977176581),51,0.0,0.0,0.0,0.24,0.76,0.0,0.0,0.0,0.0,0.0,0.0,0.0,0.0,0.0,0.0,0.0,0.0
40,49.0,POINT (519038.0234262472 9354047.041231357),52,0.0,0.0,0.0,0.16,0.84,0.0,0.0,0.0,0.0,0.0,0.0,0.0,0.0,0.0,0.0,0.0,0.0
41,49.0,POINT (519060.0942980024 9355025.256303128),53,0.0,0.0,0.0,0.346666667,0.613333333,0.0,0.0,0.026666667,0.0,0.013333333,0.0,0.0,0.0,0.0,0.0,0.0,0.0
42,38.66666667,POINT (519062.845249908 9359068.83709101),57,0.0,0.0,0.0,0.706666667,0.293333333,0.0,0.0,0.0,0.0,0.0,0.0,0.0,0.0,0.0,0.0,0.0,0.0
43,47.5,POINT (519999.928723626 9355057.902170097),74,0.0,0.0,0.0,0.173333333,0.826666667,0.0,0.0,0.0,0.0,0.0,0.0,0.0,0.0,0.0,0.0,0.0,0.0
44,46.0,POINT (520024.7734464089 9354062.611475965),75,0.0,0.0,0.053333333,0.706666667,0.24,0.0,0.0,0.0,0.0,0.0,0.0,0.0,0.0,0.0,0.0,0.0,0.0
45,44.66666667,POINT (520012.5914070238 9353019.062478827),76,0.0,0.0,0.0,0.746666667,0.253333333,0.0,0.0,0.0,0.0,0.0,0.0,0.0,0.0,0.0,0.0,0.0,0.0
46,42.83333333,POINT (519972.0129802792 9352022.428942962),77,0.0,0.0,0.0,0.586666667,0.413333333,0.0,0.0,0.0,0.0,0.0,0.0,0.0,0.0,0.0,0.0,0.0,0.0
47,39.66666667,POINT (519991.5463534527 9351040.44093279),78,0.0,0.0,0.0,0.746666667,0.253333333,0.0,0.0,0.0,0.0,0.0,0.0,0.0,0.0,0.0,0.0,0.0,0.0
48,35.16666667,POINT (519961.3632284864 9350014.84139201),79,0.0,0.0,0.0,0.906666667,0.093333333,0.0,0.0,0.0,0.0,0.0,0.0,0.0,0.0,0.0,0.0,0.0,0.0
49,39.5,POINT (520034.6482624587 9349013.306094371),80,0.0,0.0,0.0,0.973333333,0.026666667,0.0,0.0,0.0,0.0,0.0,0.0,0.0,0.0,0.0,0.0,0.0,0.0
50,34.66666667,POINT (519982.1387519411 9347975.553526964),81,0.0,0.0,0.0,0.253333333,0.746666667,0.0,0.0,0.0,0.0,0.0,0.0,0.0,0.0,0.0,0.0,0.0,0.0
51,29.5,POINT (519997.0128389189 9346972.267843431),82,0.0,0.0,0.0,0.653333333,0.346666667,0.0,0.0,0.0,0.0,0.0,0.0,0.0,0.0,0.0,0.0,0.0,0.0
52,29.66666667,POINT (520007.8214547559 9345948.385359228),83,0.0,0.0,0.0,0.8,0.2,0.0,0.0,0.0,0.0,0.0,0.0,0.0,0.0,0.0,0.0,0.0,0.0
53,22.66666667,POINT (520005.7962722619 9344944.183351176),84,0.0,0.0,0.0,0.706666667,0.293333333,0.0,0.0,0.0,0.0,0.0,0.0,0.0,0.0,0.0,0.0,0.0,0.0
54,21.0,POINT (520004.738811938 9343969.458569068),85,0.0,0.0,0.0,0.346666667,0.653333333,0.0,0.0,0.0,0.0,0.0,0.0,0.0,0.0,0.0,0.0,0.0,0.0
55,3.666666667,POINT (520013.0416716856 9342962.599497296),86,0.6,0.08,0.093333333,0.12,0.0,0.013333333,0.026666667,0.0,0.0,0.053333333,0.0,0.0,0.013333333,0.0,0.0,0.0,3.666666667
56,8.166666667,POINT (519950.6119968432 9341931.075436099),87,0.253333333,0.0,0.053333333,0.68,0.0,0.0,0.0,0.013333333,0.0,0.0,0.0,0.0,0.0,0.0,0.0,0.0,0.0
57,23.33333333,POINT (520009.9070683953 9340945.97579165),88,0.0,0.0,0.0,1.0,0.0,0.0,0.0,0.0,0.0,0.0,0.0,0.0,0.0,0.0,0.0,0.0,0.0
58,23.5,POINT (520005.0775580987 9339949.658364609),89,0.0,0.0,0.0,0.933333333,0.066666667,0.0,0.0,0.0,0.0,0.0,0.0,0.0,0.0,0.0,0.0,0.0,0.0
59,24.0,POINT (520029.6875017054 9338955.541732859),90,0.0,0.0,0.0,0.88,0.12,0.0,0.0,0.0,0.0,0.0,0.0,0.0,0.0,0.0,0.0,0.0,0.0
60,27.33333333,POINT (519992.3569110497 9337958.792219788),91,0.0,0.0,0.0,0.786666667,0.213333333,0.0,0.0,0.0,0.0,0.0,0.0,0.0,0.0,0.0,0.0,0.0,0.0
61,27.16666667,POINT (520031.9381976085 9336949.378261855),92,0.0,0.0,0.0,0.986666667,0.013333333,0.0,0.0,0.0,0.0,0.0,0.0,0.0,0.0,0.0,0.0,0.0,0.0
62,29.0,POINT (519988.2992294645 9335954.472509857),93,0.0,0.0,0.0,0.986666667,0.013333333,0.0,0.0,0.0,0.0,0.0,0.0,0.0,0.0,0.0,0.0,0.0,0.0
63,29.0,POINT (520002.948781584 9334965.77440978),94,0.0,0.0,0.0,1.0,0.0,0.0,0.0,0.0,0.0,0.0,0.0,0.0,0.0,0.0,0.0,0.0,0.0
64,28.83333333,POINT (520030.443477191 9334007.655196065),95,0.0,0.0,0.0,1.0,0.0,0.0,0.0,0.0,0.0,0.0,0.0,0.0,0.0,0.0,0.0,0.0,0.0
65,19.33333333,POINT (521015.8044650054 9334027.327116482),96,0.0,0.0,0.0,1.0,0.0,0.0,0.0,0.0,0.0,0.0,0.0,0.0,0.0,0.0,0.0,0.0,0.0
66,15.0,POINT (521029.0633144299 9335022.280683151),97,0.0,0.0,0.0,1.0,0.0,0.0,0.0,0.0,0.0,0.0,0.0,0.0,0.0,0.0,0.0,0.0,0.0
67,1.0,POINT (520974.3594134779 9336089.331300523),98,0.0,0.0,0.0,0.786666667,0.0,0.213333333,0.0,0.0,0.0,0.0,0.0,0.0,0.0,0.0,0.0,0.0,0.0
68,5.0,POINT (520968.8404659964 9348993.907814754),99,0.0,0.093333333,0.066666667,0.266666667,0.386666667,0.066666667,0.08,0.013333333,0.013333333,0.0,0.0,0.013333333,0.0,0.0,0.0,0.0,0.0
69,8.666666667,POINT (520964.0892479711 9349994.316010041),100,0.0,0.0,0.0,0.906666667,0.026666667,0.0,0.0,0.066666667,0.0,0.0,0.0,0.0,0.0,0.0,0.0,0.0,0.0
70,16.66666667,POINT (520997.8150346773 9350972.307554053),101,0.0,0.0,0.0,0.826666667,0.026666667,0.0,0.0,0.146666667,0.0,0.0,0.0,0.0,0.0,0.0,0.0,0.0,0.0
71,30.0,POINT (521020.1989164528 9352017.254345048),102,0.0,0.0,0.0,0.853333333,0.12,0.0,0.0,0.026666667,0.0,0.0,0.0,0.0,0.0,0.0,0.0,0.0,0.0
72,37.83333333,POINT (521013.8201959525 9353010.182183107),103,0.0,0.0,0.0,0.68,0.32,0.0,0.0,0.0,0.0,0.0,0.0,0.0,0.0,0.0,0.0,0.0,0.0
73,43.0,POINT (521003.533510055 9354014.349377165),104,0.0,0.0,0.0,0.533333333,0.466666667,0.0,0.0,0.0,0.0,0.0,0.0,0.0,0.0,0.0,0.0,0.0,0.0
74,45.83333333,POINT (521014.5029047854 9355024.846742414),105,0.0,0.0,0.0,0.44,0.56,0.0,0.0,0.0,0.0,0.0,0.0,0.0,0.0,0.0,0.0,0.0,0.0
75,47.83333333,POINT (521014.0549183915 9355991.86785247),106,0.0,0.0,0.0,0.52,0.48,0.0,0.0,0.0,0.0,0.0,0.0,0.0,0.0,0.0,0.0,0.0,0.0
76,50.0,POINT (521001.8147733094 9357010.257803129),107,0.0,0.0,0.0,0.6,0.4,0.0,0.0,0.0,0.0,0.0,0.0,0.0,0.0,0.0,0.0,0.0,0.0
77,48.0,POINT (522039.1329491769 9357026.922995484),124,0.0,0.0,0.0,0.706666667,0.293333333,0.0,0.0,0.0,0.0,0.0,0.0,0.0,0.0,0.0,0.0,0.0,0.0
78,43.5,POINT (522038.743606196 9356030.092439083),125,0.0,0.0,0.0,0.84,0.16,0.0,0.0,0.0,0.0,0.0,0.0,0.0,0.0,0.0,0.0,0.0,0.0
79,39.83333333,POINT (522027.2397593611 9355016.057865374),126,0.0,0.0,0.0,0.28,0.72,0.0,0.0,0.0,0.0,0.0,0.0,0.0,0.0,0.0,0.0,0.0,0.0
80,34.66666667,POINT (522003.6685828767 9353996.684308227),127,0.0,0.0,0.0,0.573333333,0.426666667,0.0,0.0,0.0,0.0,0.0,0.0,0.0,0.0,0.0,0.0,0.0,0.0
81,19.5,POINT (522015.383760302 9353008.139138747),128,0.0,0.0,0.0,0.813333333,0.066666667,0.0,0.0,0.12,0.0,0.0,0.0,0.0,0.0,0.0,0.0,0.0,0.0
82,13.66666667,POINT (522033.8526009127 9352025.413149882),129,0.0,0.0,0.08,0.773333333,0.08,0.0,0.0,0.053333333,0.0,0.013333333,0.0,0.0,0.0,0.0,0.0,0.0,1.333333333
83,7.0,POINT (522033.9635350187 9350992.470416065),130,0.0,0.0,0.053333333,0.613333333,0.253333333,0.0,0.0,0.08,0.0,0.0,0.0,0.0,0.0,0.0,0.0,0.0,0.0
84,7.666666667,POINT (522062.4754763651 9350033.61726284),131,0.0,0.026666667,0.4,0.253333333,0.0,0.0,0.0,0.266666667,0.053333333,0.0,0.0,0.0,0.0,0.0,0.0,0.0,2.0
85,10.33333333,POINT (522075.8774392556 9349027.678187566),132,0.0,0.0,0.0,0.92,0.066666667,0.0,0.0,0.0,0.0,0.0,0.0,0.0,0.0,0.0,0.013333333,0.0,0.0
86,1.666666667,POINT (522987.9683191434 9347033.897475729),133,0.333333333,0.0,0.0,0.666666667,0.0,0.0,0.0,0.0,0.0,0.0,0.0,0.0,0.0,0.0,0.0,0.0,0.0
87,6.666666667,POINT (522998.2852107481 9347981.794346128),134,0.0,0.0,0.0,0.573333333,0.2,0.0,0.0,0.013333333,0.0,0.0,0.213333333,0.0,0.0,0.0,0.0,0.0,0.0
88,6.333333333,POINT (523020.4602461596 9348968.118297189),135,0.0,0.0,0.013333333,0.72,0.013333333,0.0,0.0,0.106666667,0.0,0.013333333,0.133333333,0.0,0.0,0.0,0.0,0.0,2.0
89,14.5,POINT (523002.5483584199 9350012.123280235),136,0.0,0.0,0.013333333,0.973333333,0.0,0.0,0.0,0.013333333,0.0,0.0,0.0,0.0,0.0,0.0,0.0,0.0,0.0
90,1.166666667,POINT (522976.3398639314 9350973.187370736),137,0.533333333,0.0,0.0,0.44,0.0,0.0,0.0,0.013333333,0.0,0.013333333,0.0,0.0,0.0,0.0,0.0,0.0,9.666666667
91,2.5,POINT (522991.8742274908 9351965.261046419),138,0.12,0.026666667,0.106666667,0.56,0.026666667,0.013333333,0.0,0.093333333,0.0,0.053333333,0.0,0.0,0.0,0.0,0.0,0.0,8.0
92,1.333333333,POINT (522990.5054529813 9352947.060379008),139,0.493333333,0.0,0.0,0.44,0.04,0.0,0.0,0.026666667,0.0,0.0,0.0,0.0,0.0,0.0,0.0,0.0,0.0
93,6.0,POINT (522991.1164011816 9353997.284234863),140,0.0,0.16,0.186666667,0.253333333,0.04,0.026666667,0.133333333,0.093333333,0.0,0.08,0.0,0.013333333,0.0,0.0,0.013333333,0.0,3.333333333
94,10.83333333,POINT (522993.7783992721 9355009.590924969),141,0.0,0.0,0.346666667,0.093333333,0.0,0.0,0.0,0.56,0.0,0.0,0.0,0.0,0.0,0.0,0.0,0.0,0.0
95,23.33333333,POINT (523013.0740245496 9355997.277177284),142,0.0,0.0,0.0,0.773333333,0.186666667,0.0,0.013333333,0.026666667,0.0,0.0,0.0,0.0,0.0,0.0,0.0,0.0,0.0
96,35.16666667,POINT (522972.0963975295 9356950.127827074),143,0.0,0.0,0.0,0.56,0.426666667,0.0,0.0,0.013333333,0.0,0.0,0.0,0.0,0.0,0.0,0.0,0.0,0.0
97,40.0,POINT (523067.0432600627 9358043.16887882),144,0.0,0.0,0.0,0.186666667,0.813333333,0.0,0.0,0.0,0.0,0.0,0.0,0.0,0.0,0.0,0.0,0.0,0.0
98,45.16666667,POINT (523015.0350074739 9359010.761860179),145,0.0,0.0,0.0,0.08,0.92,0.0,0.0,0.0,0.0,0.0,0.0,0.0,0.0,0.0,0.0,0.0,0.0
99,39.5,POINT (523980.2769967109 9365016.435319647),152,0.013333333,0.0,0.013333333,0.373333333,0.48,0.0,0.0,0.12,0.0,0.0,0.0,0.0,0.0,0.0,0.0,0.0,0.0
100,29.33333333,POINT (523978.6131766605 9364038.583108624),153,0.0,0.0,0.0,0.573333333,0.413333333,0.0,0.0,0.013333333,0.0,0.0,0.0,0.0,0.0,0.0,0.0,0.0,0.0
101,1.0,POINT (523974.3261021044 9363052.404140171),154,0.0,0.0,0.013333333,0.293333333,0.426666667,0.266666667,0.0,0.0,0.0,0.0,0.0,0.0,0.0,0.0,0.0,0.0,0.0
102,1.0,POINT (524031.7771153944 9362059.31076115),155,0.0,0.0,0.0,0.56,0.12,0.32,0.0,0.0,0.0,0.0,0.0,0.0,0.0,0.0,0.0,0.0,0.0
103,7.666666667,POINT (524013.7319099876 9352004.004664212),156,0.0,0.0,0.013333333,0.88,0.013333333,0.0,0.0,0.066666667,0.0,0.026666667,0.0,0.0,0.0,0.0,0.0,0.0,2.0
104,13.5,POINT (524018.2422614421 9350980.012952089),157,0.0,0.0,0.0,0.746666667,0.253333333,0.0,0.0,0.0,0.0,0.0,0.0,0.0,0.0,0.0,0.0,0.0,0.0
105,10.33333333,POINT (524022.6034237149 9349955.836672919),158,0.0,0.0,0.0,1.0,0.0,0.0,0.0,0.0,0.0,0.0,0.0,0.0,0.0,0.0,0.0,0.0,0.0
106,8.666666667,POINT (524004.1428233138 9348980.639216609),159,0.0,0.0,0.0,1.0,0.0,0.0,0.0,0.0,0.0,0.0,0.0,0.0,0.0,0.0,0.0,0.0,0.0
107,7.0,POINT (523966.0896176181 9348001.285303645),160,0.0,0.0,0.0,0.813333333,0.0,0.0,0.0,0.0,0.0,0.0,0.186666667,0.0,0.0,0.0,0.0,0.0,0.0
108,5.666666667,POINT (524979.9469351396 9350032.50432105),161,0.0,0.0,0.0,0.973333333,0.026666667,0.0,0.0,0.0,0.0,0.0,0.0,0.0,0.0,0.0,0.0,0.0,0.0
109,12.16666667,POINT (524994.4354622571 9351005.234610504),162,0.0,0.0,0.0,0.96,0.0,0.013333333,0.0,0.026666667,0.0,0.0,0.0,0.0,0.0,0.0,0.0,0.0,0.0
110,3.166666667,POINT (524966.4780352085 9351947.398334183),163,0.0,0.0,0.026666667,0.84,0.0,0.013333333,0.0,0.093333333,0.026666667,0.0,0.0,0.0,0.0,0.0,0.0,0.0,0.666666667
111,6.0,POINT (525030.7957815466 9362992.373815699),164,0.96,0.0,0.0,0.04,0.0,0.0,0.0,0.0,0.0,0.0,0.0,0.0,0.0,0.0,0.0,0.0,0.0
112,7.5,POINT (525022.6307783838 9363990.939119998),165,0.0,0.013333333,0.04,0.68,0.213333333,0.013333333,0.0,0.026666667,0.0,0.0,0.0,0.013333333,0.0,0.0,0.0,0.0,0.0
113,9.333333333,POINT (525027.5597566181 9364972.80696979),166,0.0,0.0,0.24,0.306666667,0.026666667,0.24,0.0,0.08,0.0,0.0,0.0,0.106666667,0.0,0.0,0.0,0.0,0.0
114,7.333333333,POINT (526000.8704647663 9364992.642829021),167,0.0,0.266666667,0.146666667,0.293333333,0.0,0.12,0.0,0.0,0.0,0.04,0.0,0.12,0.013333333,0.0,0.0,0.0,1.333333333
115,11.33333333,POINT (526018.0714119698 9364014.044658598),168,0.0,0.0,0.16,0.8,0.013333333,0.013333333,0.0,0.013333333,0.0,0.0,0.0,0.0,0.0,0.0,0.0,0.0,0.0
116,2.666666667,POINT (526020.3133691078 9363008.627551347),169,0.0,0.04,0.093333333,0.093333333,0.0,0.76,0.0,0.0,0.0,0.0,0.0,0.013333333,0.0,0.0,0.0,0.0,0.0
117,2.833333333,POINT (525957.8216624158 9362000.031165633),170,0.88,0.026666667,0.0,0.0,0.0,0.013333333,0.053333333,0.0,0.0,0.013333333,0.0,0.0,0.0,0.013333333,0.0,0.0,2.0
118,2.5,POINT (526052.6885021459 9360982.746939074),171,0.0,0.013333333,0.173333333,0.346666667,0.026666667,0.24,0.0,0.173333333,0.0,0.0,0.0,0.026666667,0.0,0.0,0.0,0.0,0.0
119,1.5,POINT (526003.7443386593 9360072.047862118),172,0.826666667,0.0,0.0,0.053333333,0.0,0.12,0.0,0.0,0.0,0.0,0.0,0.0,0.0,0.0,0.0,0.0,0.0
120,1.0,POINT (526039.497134335 9358990.599346576),173,0.266666667,0.0,0.013333333,0.453333333,0.04,0.226666667,0.0,0.0,0.0,0.0,0.0,0.0,0.0,0.0,0.0,0.0,0.0
121,2.5,POINT (526073.9118895408 9356037.928955063),174,0.28,0.0,0.0,0.72,0.0,0.0,0.0,0.0,0.0,0.0,0.0,0.0,0.0,0.0,0.0,0.0,0.0
122,3.333333333,POINT (525900.9991978499 9351989.167570006),175,0.0,0.0,0.2,0.546666667,0.026666667,0.0,0.0,0.08,0.0,0.146666667,0.0,0.0,0.0,0.0,0.0,0.0,4.0
123,9.666666667,POINT (525975.7640459694 9351040.829647368),176,0.0,0.0,0.32,0.453333333,0.0,0.04,0.0,0.146666667,0.013333333,0.0,0.0,0.0,0.026666667,0.0,0.0,0.0,0.0
124,3.666666667,POINT (526917.2581914801 9351022.59247469),177,0.546666667,0.0,0.013333333,0.4,0.0,0.04,0.0,0.0,0.0,0.0,0.0,0.0,0.0,0.0,0.0,0.0,0.0
125,11.66666667,POINT (526970.4227726066 9351940.735215388),178,0.0,0.0,0.0,0.906666667,0.026666667,0.053333333,0.0,0.0,0.013333333,0.0,0.0,0.0,0.0,0.0,0.0,0.0,0.0
126,7.166666667,POINT (526986.9076558921 9353019.990829892),179,0.0,0.0,0.133333333,0.573333333,0.0,0.013333333,0.146666667,0.026666667,0.093333333,0.013333333,0.0,0.0,0.0,0.0,0.0,0.0,0.333333333
127,1.5,POINT (526978.5949670081 9353930.348187793),180,0.0,0.0,0.0,0.893333333,0.0,0.0,0.0,0.0,0.0,0.106666667,0.0,0.0,0.0,0.0,0.0,0.0,2.333333333
128,1.666666667,POINT (526975.973818654 9354945.386303704),181,0.0,0.0,0.133333333,0.826666667,0.0,0.0,0.0,0.04,0.0,0.0,0.0,0.0,0.0,0.0,0.0,0.0,0.0
129,1.0,POINT (526990.9410441619 9355933.444127835),182,0.813333333,0.0,0.0,0.186666667,0.0,0.0,0.0,0.0,0.0,0.0,0.0,0.0,0.0,0.0,0.0,0.0,0.0
130,1.5,POINT (527002.0980323087 9357070.846047891),183,0.693333333,0.0,0.0,0.306666667,0.0,0.0,0.0,0.0,0.0,0.0,0.0,0.0,0.0,0.0,0.0,0.0,0.666666667
131,4.5,POINT (527037.8094313495 9358069.690574232),184,0.0,0.0,0.0,0.906666667,0.093333333,0.0,0.0,0.0,0.0,0.0,0.0,0.0,0.0,0.0,0.0,0.0,0.0
132,2.0,POINT (526998.3754857214 9359044.321608504),185,0.92,0.0,0.0,0.04,0.0,0.013333333,0.0,0.0,0.0,0.026666667,0.0,0.0,0.0,0.0,0.0,0.0,6.0
133,2.0,POINT (526941.8447591788 9359998.435686052),186,0.0,0.0,0.466666667,0.306666667,0.026666667,0.16,0.0,0.0,0.0,0.026666667,0.0,0.013333333,0.0,0.0,0.0,0.0,4.333333333
134,15.0,POINT (526987.0695513565 9361069.385635741),187,0.0,0.0,0.0,0.933333333,0.0,0.066666667,0.0,0.0,0.0,0.0,0.0,0.0,0.0,0.0,0.0,0.0,0.0
135,21.5,POINT (526940.3155417483 9362024.858117452),188,0.0,0.0,0.0,1.0,0.0,0.0,0.0,0.0,0.0,0.0,0.0,0.0,0.0,0.0,0.0,0.0,0.0
136,20.16666667,POINT (527003.6546483344 9362995.132638883),189,0.0,0.0,0.0,1.0,0.0,0.0,0.0,0.0,0.0,0.0,0.0,0.0,0.0,0.0,0.0,0.0,0.0
137,18.16666667,POINT (527010.7385751226 9364023.649735723),190,0.0,0.0,0.0,1.0,0.0,0.0,0.0,0.0,0.0,0.0,0.0,0.0,0.0,0.0,0.0,0.0,0.0
138,20.83333333,POINT (526982.7956090311 9364961.315946385),191,0.0,0.0,0.013333333,0.986666667,0.0,0.0,0.0,0.0,0.0,0.0,0.0,0.0,0.0,0.0,0.0,0.0,0.0
139,20.83333333,POINT (528006.5373421125 9364930.323823202),192,0.0,0.0,0.0,0.933333333,0.013333333,0.053333333,0.0,0.0,0.0,0.0,0.0,0.0,0.0,0.0,0.0,0.0,0.0
140,21.16666667,POINT (527996.2783176935 9363935.228368448),193,0.0,0.0,0.0,1.0,0.0,0.0,0.0,0.0,0.0,0.0,0.0,0.0,0.0,0.0,0.0,0.0,0.0
141,20.0,POINT (527965.4882907047 9362914.201134441),194,0.0,0.0,0.0,0.986666667,0.013333333,0.0,0.0,0.0,0.0,0.0,0.0,0.0,0.0,0.0,0.0,0.0,0.0
142,18.83333333,POINT (527982.7285111489 9361929.852344718),195,0.0,0.0,0.053333333,0.8,0.0,0.0,0.0,0.146666667,0.0,0.0,0.0,0.0,0.0,0.0,0.0,0.0,0.0
143,15.5,POINT (527993.5605733136 9360980.326761944),196,0.0,0.0,0.173333333,0.72,0.0,0.0,0.0,0.106666667,0.0,0.0,0.0,0.0,0.0,0.0,0.0,0.0,0.333333333
144,14.33333333,POINT (527992.9511442127 9359944.951566534),197,0.0,0.0,0.04,0.96,0.0,0.0,0.0,0.0,0.0,0.0,0.0,0.0,0.0,0.0,0.0,0.0,0.0
145,6.833333333,POINT (527998.4171889573 9358965.065428466),198,0.0,0.04,0.16,0.44,0.013333333,0.293333333,0.0,0.0,0.0,0.0,0.0,0.0,0.0,0.053333333,0.0,0.0,0.0
146,2.0,POINT (528017.414264001 9357958.163872637),199,0.0,0.186666667,0.0,0.533333333,0.0,0.24,0.0,0.0,0.0,0.0,0.0,0.013333333,0.0,0.026666667,0.0,0.0,0.0
147,15.83333333,POINT (527992.2125333586 9355991.847504985),200,0.0,0.0,0.0,1.0,0.0,0.0,0.0,0.0,0.0,0.0,0.0,0.0,0.0,0.0,0.0,0.0,0.0
148,15.66666667,POINT (527953.0366430278 9355036.041615549),201,0.0,0.0,0.0,1.0,0.0,0.0,0.0,0.0,0.0,0.0,0.0,0.0,0.0,0.0,0.0,0.0,0.0
149,18.5,POINT (527970.2773445552 9354069.340091601),202,0.0,0.0,0.0,1.0,0.0,0.0,0.0,0.0,0.0,0.0,0.0,0.0,0.0,0.0,0.0,0.0,0.0
150,16.83333333,POINT (528000.1747134204 9353025.363302231),203,0.0,0.0,0.0,1.0,0.0,0.0,0.0,0.0,0.0,0.0,0.0,0.0,0.0,0.0,0.0,0.0,0.0
151,12.0,POINT (527974.5509646148 9352010.189093128),204,0.0,0.0,0.0,1.0,0.0,0.0,0.0,0.0,0.0,0.0,0.0,0.0,0.0,0.0,0.0,0.0,0.0
152,1.5,POINT (527933.0405523871 9351032.274715371),205,0.0,0.0,0.0,0.946666667,0.0,0.053333333,0.0,0.0,0.0,0.0,0.0,0.0,0.0,0.0,0.0,0.0,0.0
153,1.0,POINT (528996.1315646908 9351992.658529552),206,0.96,0.0,0.0,0.04,0.0,0.0,0.0,0.0,0.0,0.0,0.0,0.0,0.0,0.0,0.0,0.0,0.0
154,7.5,POINT (528986.2989513321 9352980.398170147),207,0.0,0.0,0.0,1.0,0.0,0.0,0.0,0.0,0.0,0.0,0.0,0.0,0.0,0.0,0.0,0.0,0.0
155,17.16666667,POINT (528978.1528562322 9354026.061096873),208,0.0,0.0,0.0,0.946666667,0.0,0.053333333,0.0,0.0,0.0,0.0,0.0,0.0,0.0,0.0,0.0,0.0,0.0
156,15.66666667,POINT (528997.3163442031 9355001.110954532),209,0.0,0.0,0.0,0.946666667,0.053333333,0.0,0.0,0.0,0.0,0.0,0.0,0.0,0.0,0.0,0.0,0.0,0.0
157,15.33333333,POINT (528974.7136628137 9355991.471751852),210,0.0,0.0,0.0,0.813333333,0.186666667,0.0,0.0,0.0,0.0,0.0,0.0,0.0,0.0,0.0,0.0,0.0,0.0
158,13.0,POINT (529011.9060208629 9357012.019414654),211,0.0,0.0,0.013333333,0.813333333,0.053333333,0.0,0.0,0.12,0.0,0.0,0.0,0.0,0.0,0.0,0.0,0.0,0.333333333
159,14.66666667,POINT (528991.0788058462 9358013.138144858),212,0.0,0.0,0.106666667,0.333333333,0.306666667,0.08,0.0,0.16,0.013333333,0.0,0.0,0.0,0.0,0.0,0.0,0.0,0.0
160,18.5,POINT (529018.6874670534 9358979.855388615),213,0.0,0.0,0.16,0.426666667,0.093333333,0.013333333,0.0,0.306666667,0.0,0.0,0.0,0.0,0.0,0.0,0.0,0.0,0.0
161,19.16666667,POINT (529001.6628861207 9359989.409834072),214,0.0,0.0,0.146666667,0.426666667,0.186666667,0.026666667,0.0,0.173333333,0.0,0.0,0.0,0.04,0.0,0.0,0.0,0.0,0.0
162,19.0,POINT (528996.2252656455 9360919.662813215),215,0.0,0.0,0.0,0.933333333,0.066666667,0.0,0.0,0.0,0.0,0.0,0.0,0.0,0.0,0.0,0.0,0.0,0.0
163,14.83333333,POINT (529009.136052961 9361946.852721931),216,0.0,0.0,0.013333333,0.986666667,0.0,0.0,0.0,0.0,0.0,0.0,0.0,0.0,0.0,0.0,0.0,0.0,0.0
164,18.33333333,POINT (529004.246723305 9362947.962429428),217,0.0,0.0,0.0,0.92,0.053333333,0.0,0.0,0.0,0.0,0.026666667,0.0,0.0,0.0,0.0,0.0,0.0,1.0
165,22.0,POINT (528971.0099163732 9363943.263018964),218,0.0,0.0,0.0,0.933333333,0.053333333,0.0,0.0,0.013333333,0.0,0.0,0.0,0.0,0.0,0.0,0.0,0.0,0.0
166,21.83333333,POINT (528978.3418047242 9364961.132034844),219,0.0,0.0,0.066666667,0.8,0.133333333,0.0,0.0,0.0,0.0,0.0,0.0,0.0,0.0,0.0,0.0,0.0,0.0
167,16.5,POINT (529921.6040596875 9364961.244979847),220,0.0,0.0,0.026666667,0.533333333,0.293333333,0.12,0.0,0.026666667,0.0,0.0,0.0,0.0,0.0,0.0,0.0,0.0,0.333333333
168,7.166666667,POINT (529954.2331426549 9364034.553774578),221,0.0,0.0,0.213333333,0.44,0.12,0.013333333,0.0,0.213333333,0.0,0.0,0.0,0.0,0.0,0.0,0.0,0.0,0.0
169,1.0,POINT (530030.6466195345 9363065.282578552),222,0.0,0.0,0.053333333,0.546666667,0.213333333,0.013333333,0.026666667,0.026666667,0.0,0.04,0.0,0.08,0.0,0.0,0.0,0.0,1.0
170,1.0,POINT (530024.5331286136 9362086.580499219),223,0.0,0.106666667,0.173333333,0.56,0.04,0.0,0.026666667,0.0,0.0,0.04,0.0,0.04,0.0,0.0,0.013333333,0.0,3.0
171,1.0,POINT (530024.8015735323 9361026.515870674),224,0.28,0.0,0.04,0.293333333,0.026666667,0.36,0.0,0.0,0.0,0.0,0.0,0.0,0.0,0.0,0.0,0.0,0.333333333
172,8.0,POINT (530116.6040486977 9359917.473583464),225,0.0,0.0,0.0,0.76,0.24,0.0,0.0,0.0,0.0,0.0,0.0,0.0,0.0,0.0,0.0,0.0,0.0
173,11.33333333,POINT (530092.8100590657 9359014.53747995),226,0.0,0.0,0.12,0.453333333,0.0,0.013333333,0.0,0.266666667,0.0,0.04,0.0,0.106666667,0.0,0.0,0.0,0.0,3.0
174,15.0,POINT (530030.9738466556 9358043.304055598),227,0.0,0.0,0.0,1.0,0.0,0.0,0.0,0.0,0.0,0.0,0.0,0.0,0.0,0.0,0.0,0.0,0.0
175,16.0,POINT (529979.9718077757 9356962.222796954),228,0.0,0.0,0.0,0.666666667,0.333333333,0.0,0.0,0.0,0.0,0.0,0.0,0.0,0.0,0.0,0.0,0.0,0.0
176,14.83333333,POINT (530047.2296279557 9356014.693409644),229,0.0,0.0,0.0,0.786666667,0.213333333,0.0,0.0,0.0,0.0,0.0,0.0,0.0,0.0,0.0,0.0,0.0,0.0
177,16.66666667,POINT (530059.02435871 9354992.94256936),230,0.0,0.0,0.0,0.773333333,0.133333333,0.0,0.0,0.0,0.0,0.0,0.093333333,0.0,0.0,0.0,0.0,0.0,0.0
178,18.5,POINT (530033.3953085594 9354034.955773568),231,0.0,0.0,0.0,0.986666667,0.013333333,0.0,0.0,0.0,0.0,0.0,0.0,0.0,0.0,0.0,0.0,0.0,0.0
179,2.833333333,POINT (530009.4994763242 9352998.335101938),232,0.0,0.133333333,0.12,0.106666667,0.213333333,0.133333333,0.2,0.04,0.013333333,0.0,0.0,0.0,0.0,0.013333333,0.026666667,0.0,0.0
180,0.5,POINT (529957.2434371144 9351994.706486663),233,0.0,0.0,0.0,0.92,0.08,0.0,0.0,0.0,0.0,0.0,0.0,0.0,0.0,0.0,0.0,0.0,0.0
181,4.5,POINT (530962.5467493641 9355072.200583016),234,0.0,0.08,0.08,0.68,0.0,0.066666667,0.0,0.08,0.0,0.0,0.0,0.0,0.0,0.0,0.013333333,0.0,1.333333333
182,3.666666667,POINT (531026.5113623567 9356065.947300628),235,0.0,0.32,0.0,0.0,0.08,0.173333333,0.253333333,0.0,0.0,0.013333333,0.0,0.093333333,0.0,0.0,0.066666667,0.0,0.666666667
183,19.83333333,POINT (530935.978755059 9357006.415250866),236,0.0,0.0,0.0,1.0,0.0,0.0,0.0,0.0,0.0,0.0,0.0,0.0,0.0,0.0,0.0,0.0,0.0
184,17.16666667,POINT (530968.3535897788 9357997.192457415),237,0.0,0.0,0.0,0.04,0.893333333,0.04,0.0,0.0,0.026666667,0.0,0.0,0.0,0.0,0.0,0.0,0.0,0.0
185,12.0,POINT (531028.4958627982 9359019.312888812),238,0.0,0.0,0.026666667,0.533333333,0.16,0.0,0.0,0.28,0.0,0.0,0.0,0.0,0.0,0.0,0.0,0.0,0.0
186,3.166666667,POINT (531048.4632396289 9359992.556218175),239,0.573333333,0.24,0.0,0.013333333,0.0,0.106666667,0.013333333,0.026666667,0.0,0.013333333,0.0,0.0,0.0,0.013333333,0.0,0.0,1.333333333
187,1.0,POINT (530968.9041608162 9361052.219026489),240,0.0,0.0,0.0,0.333333333,0.613333333,0.0,0.0,0.0,0.0,0.0,0.0,0.0,0.0,0.053333333,0.0,0.0,0.0
188,1.0,POINT (531047.1676999188 9362074.366453301),241,0.0,0.0,0.026666667,0.253333333,0.0,0.666666667,0.026666667,0.0,0.0,0.0,0.0,0.0,0.0,0.0,0.0,0.026666667,0.0
189,1.0,POINT (531063.110483909 9363047.500316238),242,0.0,0.0,0.066666667,0.56,0.013333333,0.24,0.0,0.0,0.08,0.026666667,0.0,0.013333333,0.0,0.0,0.0,0.0,13.0
190,0.5,POINT (530918.4210024179 9363986.371074636),243,0.0,0.186666667,0.0,0.6,0.0,0.0,0.0,0.0,0.0,0.186666667,0.026666667,0.0,0.0,0.0,0.0,0.0,15.66666667
191,7.333333333,POINT (530968.8137241515 9364921.202961545),244,0.0,0.053333333,0.28,0.106666667,0.0,0.04,0.28,0.16,0.066666667,0.0,0.0,0.013333333,0.0,0.0,0.0,0.0,0.0
192,1.666666667,POINT (531963.3262191664 9362998.853423372),245,0.8,0.0,0.0,0.146666667,0.0,0.013333333,0.013333333,0.026666667,0.0,0.0,0.0,0.0,0.0,0.0,0.0,0.0,0.333333333
193,1.0,POINT (531978.5393828795 9362069.62543688),246,0.413333333,0.0,0.0,0.16,0.12,0.306666667,0.0,0.0,0.0,0.0,0.0,0.0,0.0,0.0,0.0,0.0,0.0
194,1.5,POINT (532033.7797808892 9360970.76764434),247,0.266666667,0.0,0.0,0.373333333,0.28,0.053333333,0.0,0.013333333,0.0,0.0,0.013333333,0.0,0.0,0.0,0.0,0.0,0.0
195,2.0,POINT (532044.565314844 9360049.168654811),248,0.013333333,0.28,0.013333333,0.386666667,0.026666667,0.226666667,0.013333333,0.0,0.0,0.0,0.0,0.0,0.04,0.0,0.0,0.0,0.0
196,2.0,POINT (532021.0438141091 9359012.364697821),249,0.0,0.0,0.026666667,0.146666667,0.4,0.106666667,0.0,0.16,0.0,0.0,0.0,0.16,0.0,0.0,0.0,0.0,0.0
197,2.333333333,POINT (532035.9376794341 9358046.287937166),250,0.0,0.0,0.0,0.4,0.013333333,0.533333333,0.0,0.0,0.053333333,0.0,0.0,0.0,0.0,0.0,0.0,0.0,0.0
198,2.25,POINT (531911.3608975506 9356976.003862679),251,0.546666667,0.026666667,0.0,0.333333333,0.0,0.0,0.093333333,0.0,0.0,0.0,0.0,0.0,0.0,0.0,0.0,0.0,0.0
199,37.33333333,POINT (516941.0573672726 9333961.514315214),252,0.0,0.0,0.0,1.0,0.0,0.0,0.0,0.0,0.0,0.0,0.0,0.0,0.0,0.0,0.0,0.0,0.0
200,38.0,POINT (517007.2386027774 9335016.918664815),253,0.0,0.0,0.0,1.0,0.0,0.0,0.0,0.0,0.0,0.0,0.0,0.0,0.0,0.0,0.0,0.0,0.0
201,39.33333333,POINT (517014.5340483836 9336032.507077852),254,0.0,0.0,0.0,1.0,0.0,0.0,0.0,0.0,0.0,0.0,0.0,0.0,0.0,0.0,0.0,0.0,0.0
202,40.33333333,POINT (517031.4889124816 9337025.910320263),255,0.0,0.0,0.0,1.0,0.0,0.0,0.0,0.0,0.0,0.0,0.0,0.0,0.0,0.0,0.0,0.0,0.0
203,40.5,POINT (517042.83056606 9337999.380274652),256,0.0,0.0,0.0,1.0,0.0,0.0,0.0,0.0,0.0,0.0,0.0,0.0,0.0,0.0,0.0,0.0,0.0
204,42.33333333,POINT (516982.7570141871 9338996.415515948),257,0.0,0.0,0.0,1.0,0.0,0.0,0.0,0.0,0.0,0.0,0.0,0.0,0.0,0.0,0.0,0.0,0.0
205,42.33333333,POINT (516978.9368843532 9339976.742807489),258,0.0,0.0,0.0,1.0,0.0,0.0,0.0,0.0,0.0,0.0,0.0,0.0,0.0,0.0,0.0,0.0,0.0
206,43.83333333,POINT (517009.3925400226 9340968.040565507),259,0.0,0.0,0.0,1.0,0.0,0.0,0.0,0.0,0.0,0.0,0.0,0.0,0.0,0.0,0.0,0.0,0.0
207,46.33333333,POINT (517031.0225823647 9341929.273101924),260,0.0,0.0,0.0,1.0,0.0,0.0,0.0,0.0,0.0,0.0,0.0,0.0,0.0,0.0,0.0,0.0,0.0
208,46.0,POINT (517006.9050535872 9343023.79509908),261,0.0,0.0,0.0,1.0,0.0,0.0,0.0,0.0,0.0,0.0,0.0,0.0,0.0,0.0,0.0,0.0,0.0
209,46.0,POINT (517010.749978299 9343975.156896055),262,0.0,0.0,0.0,1.0,0.0,0.0,0.0,0.0,0.0,0.0,0.0,0.0,0.0,0.0,0.0,0.0,0.0
210,45.33333333,POINT (517012.9927582669 9345008.983152326),263,0.0,0.0,0.0,1.0,0.0,0.0,0.0,0.0,0.0,0.0,0.0,0.0,0.0,0.0,0.0,0.0,0.0
211,45.0,POINT (517030.4346662078 9346035.324886695),264,0.0,0.0,0.0,1.0,0.0,0.0,0.0,0.0,0.0,0.0,0.0,0.0,0.0,0.0,0.0,0.0,0.0
212,29.66666667,POINT (516991.8959883744 9347024.281697508),265,0.0,0.0,0.0,0.466666667,0.533333333,0.0,0.0,0.0,0.0,0.0,0.0,0.0,0.0,0.0,0.0,0.0,0.0
213,28.5,POINT (516972.9429207283 9348000.04140524),266,0.0,0.0,0.0,0.493333333,0.506666667,0.0,0.0,0.0,0.0,0.0,0.0,0.0,0.0,0.0,0.0,0.0,0.0
214,40.5,POINT (516984.2653861262 9349049.008013379),267,0.0,0.0,0.0,0.12,0.88,0.0,0.0,0.0,0.0,0.0,0.0,0.0,0.0,0.0,0.0,0.0,0.0
215,49.83333333,POINT (516981.33017913 9350044.697099572),268,0.0,0.0,0.0,0.106666667,0.893333333,0.0,0.0,0.0,0.0,0.0,0.0,0.0,0.0,0.0,0.0,0.0,0.0
216,41.16666667,POINT (517054.2482910078 9351009.118266089),269,0.0,0.0,0.0,0.266666667,0.733333333,0.0,0.0,0.0,0.0,0.0,0.0,0.0,0.0,0.0,0.0,0.0,0.0
217,45.33333333,POINT (517038.3051546321 9352068.408712301),270,0.0,0.0,0.0,0.16,0.826666667,0.0,0.0,0.013333333,0.0,0.0,0.0,0.0,0.0,0.0,0.0,0.0,0.0
218,32.83333333,POINT (517046.1077089744 9353066.230978046),271,0.0,0.0,0.0,0.573333333,0.24,0.08,0.0,0.106666667,0.0,0.0,0.0,0.0,0.0,0.0,0.0,0.0,0.0
219,38.5,POINT (517020.1859274229 9354070.510431051),272,0.0,0.0,0.0,0.4,0.586666667,0.0,0.0,0.013333333,0.0,0.0,0.0,0.0,0.0,0.0,0.0,0.0,0.0
220,35.33333333,POINT (517015.6228380406 9355058.681381823),273,0.0,0.0,0.0,0.28,0.666666667,0.0,0.0,0.053333333,0.0,0.0,0.0,0.0,0.0,0.0,0.0,0.0,0.0
221,0.0,POINT (515039.908847801 9346977.737961771),286,0.0,0.0,0.0,0.306666667,0.693333333,0.0,0.0,0.0,0.0,0.0,0.0,0.0,0.0,0.0,0.0,0.0,0.0
222,38.5,POINT (516020.7433502086 9349082.539835369),289,0.0,0.0,0.0,0.493333333,0.426666667,0.08,0.0,0.0,0.0,0.0,0.0,0.0,0.0,0.0,0.0,0.0,0.0
223,36.33333333,POINT (515981.9625402585 9348082.624459775),290,0.0,0.0,0.0,0.386666667,0.613333333,0.0,0.0,0.0,0.0,0.0,0.0,0.0,0.0,0.0,0.0,0.0,0.0
224,44.33333333,POINT (516013.0972157638 9347069.462186638),291,0.0,0.0,0.0,0.546666667,0.36,0.0,0.0,0.093333333,0.0,0.0,0.0,0.0,0.0,0.0,0.0,0.0,0.0
225,49.66666667,POINT (515996.6502921222 9343017.546879154),295,0.0,0.0,0.0,1.0,0.0,0.0,0.0,0.0,0.0,0.0,0.0,0.0,0.0,0.0,0.0,0.0,0.0
226,17.5,POINT (531430.363679977 9365502.648904497),296,0.0,0.0,0.053333333,0.933333333,0.0,0.013333333,0.0,0.0,0.0,0.0,0.0,0.0,0.0,0.0,0.0,0.0,0.0
227,16.5,POINT (530483.8463555281 9365429.933321368),297,0.0,0.0,0.266666667,0.546666667,0.12,0.026666667,0.0,0.026666667,0.0,0.0,0.0,0.013333333,0.0,0.0,0.0,0.0,0.0
228,12.0,POINT (530436.986636135 9364459.505208099),298,0.0,0.0,0.253333333,0.413333333,0.013333333,0.026666667,0.0,0.293333333,0.0,0.0,0.0,0.0,0.0,0.0,0.0,0.0,0.0
229,4.0,POINT (531473.7999804815 9364531.917955369),299,0.613333333,0.0,0.0,0.346666667,0.0,0.026666667,0.013333333,0.0,0.0,0.0,0.0,0.0,0.0,0.0,0.0,0.0,0.0
230,1.0,POINT (531514.8724730785 9363563.177440556),300,0.6,0.0,0.0,0.36,0.0,0.04,0.0,0.0,0.0,0.0,0.0,0.0,0.0,0.0,0.0,0.0,0.666666667
231,2.0,POINT (530587.6037771548 9363473.063200397),301,0.746666667,0.106666667,0.0,0.04,0.026666667,0.0,0.0,0.0,0.0,0.0,0.0,0.08,0.0,0.0,0.0,0.0,0.666666667
232,13.5,POINT (529491.2416608126 9363396.869446194),302,0.0,0.0,0.546666667,0.213333333,0.0,0.0,0.0,0.226666667,0.0,0.013333333,0.0,0.0,0.0,0.0,0.0,0.0,0.666666667
233,9.0,POINT (529514.5129063518 9362418.043491853),303,0.0,0.0,0.106666667,0.293333333,0.2,0.0,0.0,0.386666667,0.0,0.013333333,0.0,0.0,0.0,0.0,0.0,0.0,0.333333333
234,2.5,POINT (530527.3721365422 9362556.917338287),304,0.96,0.0,0.0,0.04,0.0,0.0,0.0,0.0,0.0,0.0,0.0,0.0,0.0,0.0,0.0,0.0,1.0
235,1.5,POINT (531582.2546323637 9362514.906604812),305,0.493333333,0.0,0.0,0.2,0.093333333,0.213333333,0.0,0.0,0.0,0.0,0.0,0.0,0.0,0.0,0.0,0.0,0.0
236,1.5,POINT (530524.3020833597 9361555.810112737),306,0.08,0.0,0.0,0.32,0.106666667,0.426666667,0.0,0.0,0.04,0.0,0.013333333,0.013333333,0.0,0.0,0.0,0.0,0.666666667
237,2.0,POINT (529460.4723562654 9361449.018136522),307,0.253333333,0.24,0.026666667,0.28,0.053333333,0.053333333,0.013333333,0.0,0.0,0.0,0.0,0.013333333,0.04,0.013333333,0.013333333,0.0,1.666666667
238,1.5,POINT (530466.0443936749 9360597.914564356),308,0.0,0.0,0.0,0.786666667,0.0,0.106666667,0.0,0.0,0.093333333,0.013333333,0.0,0.0,0.0,0.0,0.0,0.0,2.0
239,2.0,POINT (531460.6474780828 9360518.312098367),309,0.506666667,0.013333333,0.04,0.226666667,0.053333333,0.093333333,0.013333333,0.0,0.0,0.026666667,0.0,0.0,0.026666667,0.0,0.0,0.0,1.0
240,1.5,POINT (532484.5904052462 9360585.147679882),310,0.0,0.0,0.0,0.653333333,0.333333333,0.0,0.0,0.0,0.013333333,0.0,0.0,0.0,0.0,0.0,0.0,0.0,0.0
241,5.5,POINT (531579.612479217 9359537.81359167),311,0.0,0.053333333,0.0,0.92,0.0,0.0,0.0,0.0,0.0,0.026666667,0.0,0.0,0.0,0.0,0.0,0.0,3.666666667
242,9.0,POINT (530568.4993575759 9359479.359224712),312,0.0,0.0,0.066666667,0.506666667,0.0,0.0,0.0,0.4,0.013333333,0.013333333,0.0,0.0,0.0,0.0,0.0,0.0,1.0
243,8.0,POINT (531475.3478472342 9358486.827185877),313,0.0,0.053333333,0.066666667,0.373333333,0.266666667,0.16,0.0,0.04,0.026666667,0.0,0.0,0.0,0.0,0.013333333,0.0,0.0,0.333333333
244,8.5,POINT (531502.2216952808 9356527.887534652),314,0.0,0.0,0.0,0.56,0.413333333,0.0,0.0,0.0,0.026666667,0.0,0.0,0.0,0.0,0.0,0.0,0.0,0.0
245,10.0,POINT (530407.8344731408 9356398.580194972),315,0.0,0.0,0.026666667,0.24,0.333333333,0.0,0.0,0.4,0.0,0.0,0.0,0.0,0.0,0.0,0.0,0.0,0.0
246,15.66666667,POINT (530546.7989413099 9355481.08227847),316,0.0,0.0,0.0,0.973333333,0.0,0.0,0.013333333,0.0,0.013333333,0.0,0.0,0.0,0.0,0.0,0.0,0.0,0.0
247,17.83333333,POINT (530521.1804075098 9354559.464002436),317,0.0,0.0,0.0,1.0,0.0,0.0,0.0,0.0,0.0,0.0,0.0,0.0,0.0,0.0,0.0,0.0,0.0
248,6.333333333,POINT (530458.1780661267 9353555.841044748),318,0.04,0.0,0.0,0.36,0.493333333,0.04,0.0,0.026666667,0.04,0.0,0.0,0.0,0.0,0.0,0.0,0.0,0.0
249,17.33333333,POINT (529560.1891056658 9353499.603899112),319,0.0,0.0,0.0,1.0,0.0,0.0,0.0,0.0,0.0,0.0,0.0,0.0,0.0,0.0,0.0,0.0,0.0
250,7.5,POINT (529505.0950670877 9352565.102707999),320,0.0,0.0,0.0,0.133333333,0.866666667,0.0,0.0,0.0,0.0,0.0,0.0,0.0,0.0,0.0,0.0,0.0,0.0
251,24.0,POINT (526437.2198234184 9365525.863395799),321,0.0,0.0,0.0,0.386666667,0.586666667,0.0,0.0,0.026666667,0.0,0.0,0.0,0.0,0.0,0.0,0.0,0.0,0.0
252,23.66666667,POINT (525487.0565733279 9365453.590905616),322,0.0,0.0,0.0,0.72,0.186666667,0.04,0.026666667,0.026666667,0.0,0.0,0.0,0.0,0.0,0.0,0.0,0.0,0.0
253,5.0,POINT (524550.5348192701 9364576.075343698),323,0.0,0.0,0.0,0.266666667,0.013333333,0.706666667,0.0,0.0,0.0,0.0,0.0,0.0,0.0,0.013333333,0.0,0.0,0.0
254,11.0,POINT (525543.4588503728 9364561.347648751),324,0.0,0.093333333,0.16,0.52,0.0,0.04,0.12,0.026666667,0.0,0.04,0.0,0.0,0.0,0.0,0.0,0.0,1.333333333
255,20.0,POINT (526458.312750262 9364515.095762072),325,0.0,0.0,0.0,0.48,0.226666667,0.026666667,0.0,0.146666667,0.0,0.0,0.0,0.0,0.0,0.12,0.0,0.0,0.0
256,22.16666667,POINT (526469.0418928628 9363521.871378573),326,0.0,0.0,0.0,1.0,0.0,0.0,0.0,0.0,0.0,0.0,0.0,0.0,0.0,0.0,0.0,0.0,0.0
257,7.5,POINT (525444.8369610979 9363535.742579589),327,0.0,0.066666667,0.04,0.386666667,0.013333333,0.04,0.386666667,0.0,0.0,0.0,0.0,0.053333333,0.0,0.013333333,0.0,0.0,0.333333333
258,3.5,POINT (524566.3145668485 9363493.790709976),328,0.173333333,0.0,0.0,0.44,0.28,0.026666667,0.0,0.0,0.066666667,0.013333333,0.0,0.0,0.0,0.0,0.0,0.0,3.0
259,5.666666667,POINT (525521.0430414844 9362523.589488849),329,0.613333333,0.0,0.066666667,0.053333333,0.0,0.253333333,0.013333333,0.0,0.0,0.0,0.0,0.0,0.0,0.0,0.0,0.0,0.333333333
260,14.5,POINT (526518.5399876039 9362488.098202979),330,0.0,0.0,0.04,0.24,0.373333333,0.0,0.013333333,0.306666667,0.0,0.0,0.0,0.0,0.0,0.026666667,0.0,0.0,0.0
261,4.5,POINT (526466.4584526367 9361505.327373143),331,0.0,0.36,0.093333333,0.386666667,0.0,0.066666667,0.04,0.0,0.0,0.026666667,0.0,0.026666667,0.0,0.0,0.0,0.0,1.666666667
262,5.833333333,POINT (525496.2660527187 9361489.516017798),332,0.826666667,0.0,0.0,0.146666667,0.0,0.026666667,0.0,0.0,0.0,0.0,0.0,0.0,0.0,0.0,0.0,0.0,0.0
263,5.5,POINT (525546.3978644799 9360531.059211891),333,0.48,0.0,0.0,0.453333333,0.0,0.026666667,0.04,0.0,0.0,0.0,0.0,0.0,0.0,0.0,0.0,0.0,0.333333333
264,3.5,POINT (526499.3004873731 9360537.517342312),334,0.026666667,0.253333333,0.0,0.146666667,0.413333333,0.146666667,0.0,0.0,0.0,0.0,0.0,0.0,0.013333333,0.0,0.0,0.0,0.0
265,19.5,POINT (527550.9574134217 9360539.643520245),335,0.0,0.0,0.0,1.0,0.0,0.0,0.0,0.0,0.0,0.0,0.0,0.0,0.0,0.0,0.0,0.0,0.0
266,2.5,POINT (526498.5516757638 9359463.342800366),336,0.893333333,0.0,0.0,0.053333333,0.0,0.053333333,0.0,0.0,0.0,0.0,0.0,0.0,0.0,0.0,0.0,0.0,0.0
267,12.66666667,POINT (527461.8565912995 9359494.837545156),337,0.0,0.0,0.0,0.44,0.0,0.0,0.0,0.546666667,0.013333333,0.0,0.0,0.0,0.0,0.0,0.0,0.0,0.0
268,14.66666667,POINT (528492.2800717356 9359503.883778231),338,0.0,0.0,0.053333333,0.746666667,0.013333333,0.0,0.0,0.133333333,0.0,0.013333333,0.0,0.0,0.0,0.04,0.0,0.0,1.0
269,3.666666667,POINT (528555.7679623235 9358482.185623158),339,0.0,0.04,0.08,0.386666667,0.04,0.04,0.24,0.013333333,0.0,0.16,0.0,0.0,0.0,0.0,0.0,0.0,8.333333333
270,7.0,POINT (527461.7055342832 9358479.838616174),340,0.733333333,0.0,0.0,0.266666667,0.0,0.0,0.0,0.0,0.0,0.0,0.0,0.0,0.0,0.0,0.0,0.0,0.0
271,1.333333333,POINT (526545.3842329537 9358513.397132071),341,0.16,0.0,0.0,0.226666667,0.026666667,0.52,0.0,0.066666667,0.0,0.0,0.0,0.0,0.0,0.0,0.0,0.0,0.0
272,3.0,POINT (527512.1415319771 9357450.336029634),342,0.64,0.0,0.0,0.16,0.0,0.106666667,0.066666667,0.0,0.0,0.026666667,0.0,0.0,0.0,0.0,0.0,0.0,10.66666667
273,21.66666667,POINT (528447.1888780545 9357487.095910009),343,0.0,0.0,0.0,1.0,0.0,0.0,0.0,0.0,0.0,0.0,0.0,0.0,0.0,0.0,0.0,0.0,0.0
274,2.0,POINT (526547.4606059957 9353516.700253116),344,0.666666667,0.0,0.0,0.293333333,0.0,0.04,0.0,0.0,0.0,0.0,0.0,0.0,0.0,0.0,0.0,0.0,0.0
275,18.5,POINT (527474.3460760413 9353506.568870157),345,0.0,0.0,0.0,1.0,0.0,0.0,0.0,0.0,0.0,0.0,0.0,0.0,0.0,0.0,0.0,0.0,0.0
276,18.5,POINT (527413.7823672044 9352480.908907941),346,0.0,0.0,0.0,1.0,0.0,0.0,0.0,0.0,0.0,0.0,0.0,0.0,0.0,0.0,0.0,0.0,0.0
277,3.666666667,POINT (526308.5587960954 9352446.420120839),347,0.0,0.026666667,0.0,0.466666667,0.413333333,0.0,0.053333333,0.013333333,0.0,0.013333333,0.0,0.0,0.0,0.013333333,0.0,0.0,1.333333333
278,5.0,POINT (525491.6035307401 9352434.417949494),348,0.0,0.0,0.0,0.84,0.16,0.0,0.0,0.0,0.0,0.0,0.0,0.0,0.0,0.0,0.0,0.0,0.0
279,13.0,POINT (525520.2267972786 9351514.325226493),349,0.0,0.0,0.0,0.413333333,0.586666667,0.0,0.0,0.0,0.0,0.0,0.0,0.0,0.0,0.0,0.0,0.0,0.0
280,15.66666667,POINT (526508.8384343015 9351476.251065513),350,0.0,0.013333333,0.0,0.12,0.0,0.0,0.0,0.0,0.533333333,0.0,0.0,0.0,0.026666667,0.2,0.106666667,0.0,3.333333333
281,1.0,POINT (526414.0913574934 9350632.189357627),351,0.373333333,0.0,0.0,0.573333333,0.0,0.026666667,0.026666667,0.0,0.0,0.0,0.0,0.0,0.0,0.0,0.0,0.0,0.0
282,6.666666667,POINT (525443.7058957717 9350544.273513252),352,0.0,0.0,0.0,0.28,0.693333333,0.013333333,0.0,0.0,0.0,0.0,0.0,0.0,0.0,0.013333333,0.0,0.0,0.0
283,39.33333333,POINT (519493.7343142812 9342519.345726229),353,0.0,0.0,0.0,1.0,0.0,0.0,0.0,0.0,0.0,0.0,0.0,0.0,0.0,0.0,0.0,0.0,0.0
284,25.33333333,POINT (519495.1443401684 9343467.282468662),354,0.0,0.0,0.0,1.0,0.0,0.0,0.0,0.0,0.0,0.0,0.0,0.0,0.0,0.0,0.0,0.0,0.0
285,33.33333333,POINT (519524.1185431692 9347434.891730795),355,0.0,0.0,0.0,1.0,0.0,0.0,0.0,0.0,0.0,0.0,0.0,0.0,0.0,0.0,0.0,0.0,0.0
286,24.66666667,POINT (518544.6826104862 9347467.621343467),356,0.0,0.0,0.0,0.106666667,0.773333333,0.0,0.0,0.12,0.0,0.0,0.0,0.0,0.0,0.0,0.0,0.0,0.0
287,30.33333333,POINT (518508.2002272153 9348471.870273219),357,0.0,0.0,0.0,0.133333333,0.853333333,0.0,0.0,0.0,0.0,0.0,0.0,0.0,0.0,0.013333333,0.0,0.0,0.0
288,40.16666667,POINT (519486.5125821701 9348454.912900604),358,0.0,0.0,0.0,1.0,0.0,0.0,0.0,0.0,0.0,0.0,0.0,0.0,0.0,0.0,0.0,0.0,0.0
289,15.16666667,POINT (520475.2360202743 9348456.728604155),359,0.0,0.0,0.0,0.013333333,0.986666667,0.0,0.0,0.0,0.0,0.0,0.0,0.0,0.0,0.0,0.0,0.0,0.0
290,7.333333333,POINT (522446.4994421756 9348494.288185198),360,0.0,0.0,0.0,0.333333333,0.653333333,0.0,0.013333333,0.0,0.0,0.0,0.0,0.0,0.0,0.0,0.0,0.0,0.0
291,9.333333333,POINT (523476.5259851631 9348530.640526908),361,0.0,0.0,0.0,1.0,0.0,0.0,0.0,0.0,0.0,0.0,0.0,0.0,0.0,0.0,0.0,0.0,0.0
292,13.5,POINT (523494.9200038811 9349547.217747219),362,0.0,0.0,0.0,1.0,0.0,0.0,0.0,0.0,0.0,0.0,0.0,0.0,0.0,0.0,0.0,0.0,0.0
293,12.33333333,POINT (522544.0350206023 9349547.573045654),363,0.0,0.0,0.013333333,0.546666667,0.333333333,0.0,0.013333333,0.093333333,0.0,0.0,0.0,0.0,0.0,0.0,0.0,0.0,0.333333333
294,9.333333333,POINT (521511.2650798933 9349520.417373572),364,0.0,0.013333333,0.066666667,0.2,0.52,0.0,0.0,0.2,0.0,0.0,0.0,0.0,0.0,0.0,0.0,0.0,0.0
295,24.0,POINT (520516.2230389328 9349547.25011095),365,0.0,0.0,0.0,0.973333333,0.0,0.026666667,0.0,0.0,0.0,0.0,0.0,0.0,0.0,0.0,0.0,0.0,0.0
296,9.5,POINT (521502.5931623963 9350471.451557728),366,0.0,0.0,0.0,0.12,0.24,0.0,0.026666667,0.573333333,0.0,0.04,0.0,0.0,0.0,0.0,0.0,0.0,0.666666667
297,1.5,POINT (522459.8074593304 9350484.854496067),367,0.453333333,0.0,0.0,0.4,0.0,0.093333333,0.0,0.0,0.0,0.053333333,0.0,0.0,0.0,0.0,0.0,0.0,2.0
298,2.666666667,POINT (523417.4996118039 9353514.902928349),368,0.0,0.586666667,0.013333333,0.04,0.026666667,0.146666667,0.133333333,0.0,0.0,0.0,0.0,0.0,0.053333333,0.0,0.0,0.0,0.0
299,8.333333333,POINT (522506.4917174855 9353447.293917291),369,0.0,0.0,0.066666667,0.653333333,0.0,0.0,0.0,0.28,0.0,0.0,0.0,0.0,0.0,0.0,0.0,0.0,0.0
300,24.0,POINT (522469.6987629095 9354456.261751307),370,0.0,0.0,0.0,1.0,0.0,0.0,0.0,0.0,0.0,0.0,0.0,0.0,0.0,0.0,0.0,0.0,0.0
301,22.33333333,POINT (522462.7189039232 9355460.02294796),371,0.0,0.0,0.0,1.0,0.0,0.0,0.0,0.0,0.0,0.0,0.0,0.0,0.0,0.0,0.0,0.0,0.0
302,3.5,POINT (523445.9720774746 9355430.47682891),372,0.0,0.28,0.04,0.2,0.0,0.0,0.373333333,0.0,0.013333333,0.08,0.0,0.0,0.013333333,0.0,0.0,0.0,2.0
303,22.66666667,POINT (523449.2864766003 9356490.90576876),373,0.0,0.0,0.0,0.986666667,0.0,0.013333333,0.0,0.0,0.0,0.0,0.0,0.0,0.0,0.0,0.0,0.0,0.0
304,39.33333333,POINT (522502.2665715088 9356452.123288922),374,0.0,0.0,0.0,1.0,0.0,0.0,0.0,0.0,0.0,0.0,0.0,0.0,0.0,0.0,0.0,0.0,0.0
305,19.56259626,POINT (524074.7393328977 9353117.291814705),Grand Total,0.074573304,0.015098468,0.027658643,0.627921225,0.154617068,0.036849015,0.009978118,0.032997812,0.005076586,0.005251641,0.002450766,0.003544858,0.000875274,0.00214442,0.000875274,8.75e-05,0.478118162
